"ID","FD_ID","CENSORED","TITLE_JP","TITLE_ROMA","TITLE_FD","PUBLISHER","AUTHOR","AUTHOR_ROMA","DATE","DATE_FD","DL_LINK_JP","LINK_FD","LINK_DL","EH","UPLOADER","SOURCE","COMMENTS"
1,FDC-020,YES,聊齋夜畫～狐魅～,,聊齋夜畫～狐魅～,未來數位,黒青郎君,Kokusei Roukun,2020-09-29,2013-02-16,https://www.dlsite.com/books/work/=/product_id/BJ259431.html,https://future-digi.com/index.php?route=product/product&product_id=67,https://www.dlsite.com/books/work/=/product_id/BJ259431.html,,,,
2,FDH-004,YES,ピスはめ! 上,Peace Hame! Jou,性愛畢冊!上,ヒット出版社,師走の翁,Shiwasu no Okina,2013-05-05,2015-08-29,https://www.dlsite.com/books/work/=/product_id/BJ021857.html,https://future-digi.com/index.php?route=product/product&path=70&product_id=165,https://www.dlsite.com/books/work/=/product_id/BJ266248.html,https://exhentai.org/g/483323/2345c0338a/,妖精之森汉化,日版扫本汉化,
3,FDH-021,NO,エロピッピ,Ero Pippi,慾情．青春,ヒット出版社,師走の翁,Shiwasu no Okina,2017-05-31,2020-11-09,https://www.dlsite.com/books/work/=/product_id/BJ111595.html,https://future-digi.com/index.php?route=product/product&path=70&product_id=469,https://www.dlsite.com/books/work/=/product_id/BJ266249.html,https://exhentai.org/g/1462653/b3ff842c03/,alfredmeow,未來數位BW,截图
4,FDH-005,YES,ピスはめ! 下,Peace Hame! Ge,性愛畢冊!下,ヒット出版社,師走の翁,Shiwasu no Okina,2013-05-05,2015-08-29,https://www.dlsite.com/books/work/=/product_id/BJ023330.html,https://future-digi.com/index.php?route=product/product&path=70&product_id=166,https://www.dlsite.com/books/work/=/product_id/BJ266370.html,https://exhentai.org/g/569245/9164b14216/,mmmmnb,未知,疑似DL
5,FDH-017-1,NO,アイブカ! （仮）,Aibuka! (Kari),偶像部!（暫）,ヒット出版社,師走の翁,Shiwasu no Okina,2015-02-07,2020-11-30,https://www.dlsite.com/books/work/=/product_id/BJ050873.html,https://future-digi.com/index.php?route=product/product&path=70&product_id=200,https://www.dlsite.com/books/work/=/product_id/BJ267079.html,https://exhentai.org/g/726914/a0546b86c0/,badluck1205汉化,日版扫本汉化,
6,FDH-003,YES,戦車コレ,Tancolle - Battle Tank Girls Complex,戰車娘收藏,ヒット出版社,鈴木狂太郎,Suzuki Kyoutarou,2015-05-23,2015-08-29,https://www.dlsite.com/books/work/=/product_id/BJ055259.html,https://future-digi.com/index.php?route=product/product&path=70&product_id=164,https://www.dlsite.com/books/work/=/product_id/BJ267080.html,https://exhentai.org/g/1866030/069c88d64a/,煉銅術士,未來數位DL/BW,
7,FDH-001S,NO,ヌーディストビーチに修学旅行で!!,Nudist Beach ni Syuugaku Ryokoude!!,天體營海灘的校外教學!,ヒット出版社,師走の翁,Shiwasu no Okina,2015-12-05,2015-07-17,https://www.dlsite.com/books/work/=/product_id/BJ068202.html,https://future-digi.com/index.php?route=product/product&product_id=259,https://www.dlsite.com/books/work/=/product_id/BJ266471.html,https://exhentai.org/g/985189/2fe5118499/,Badluck1205x脸肿汉化组x最終話的漢化冨樫了對吧x塔布里斯xjunykyon聯合漢化,日版扫本汉化,
8,FDH-002,YES,かくしデレ,Kakushi dere,隱嬌女友,ヒット出版社,ひょころー,Hyocorou,2013-07-07,2015-07-17,https://www.dlsite.com/books/work/=/product_id/BJ023331.html,https://future-digi.com/index.php?route=product/product&path=70&product_id=155,https://www.dlsite.com/books/work/=/product_id/BJ267245.html,https://exhentai.org/g/557649/08987d6002/,多人翻译后整合,杂志源,实体版缺货
9,FDH-006,YES,純愛メモリアル,Innocent Love Memorial,純愛回憶,ヒット出版社,猫伊光,Nekoi Hikaru,2015-12-15,2015-10-26,https://www.dlsite.com/books/work/=/product_id/BJ068204.html,https://future-digi.com/index.php?route=product/product&path=70&product_id=173,https://www.dlsite.com/books/work/=/product_id/BJ267246.html,https://exhentai.org/g/815026/c5967daa77/,uut,新視界,
10,FDH-007,YES,メガネの処方箋,Megane no Shohousen,眼鏡娘的處方箋,ヒット出版社,ばーるん,Barlun,2016-05-04,2015-10-26,https://www.dlsite.com/books/work/=/product_id/BJ080772.html,https://future-digi.com/index.php?route=product/product&path=70&product_id=174,https://www.dlsite.com/books/work/=/product_id/BJ267247.html,https://exhentai.org/g/875806/fcf5d3884d/,makoto0000,未知,实体版缺货，数字版疑似DL
11,FDH-009,YES,jc-t 孕みたい系女子,jc-t Haramitai-kei Joshi,jc-t 孕望系女子,ヒット出版社,夢乃狸,Yumeno Tanuki,2016-06-18,2016-01-12,https://www.dlsite.com/books/work/=/product_id/BJ084258.html,https://future-digi.com/index.php?route=product/product&path=70&product_id=181,https://www.dlsite.com/books/work/=/product_id/BJ267539.html,https://exhentai.org/g/909942/c615b4c38d/,篆儀通文書坊,日版扫本汉化,
12,FDH-052,NO,集団痴漢電車,Shuudan Chikan Densha,集團痴●電車,ヒット出版社,おおとりりゅうじ,Ootori Ryuuji,2020-09-15,2020-08-27,https://www.dlsite.com/books/work/=/product_id/BJ239461.html,https://future-digi.com/index.php?route=product/product&path=70&product_id=385,https://www.dlsite.com/books/work/=/product_id/BJ267540.html,https://exhentai.org/g/1717304/a263d0271b/,"18comic",未知,数字版疑似未來數位扫本
13,FDH-010,YES,痴情の極み,Chijou no Kiwami - Extremity of the blind love,痴情的極致,ヒット出版社,桃吹リオ,Momofuki Rio,2016-09-18,2016-01-30,https://www.dlsite.com/books/work/=/product_id/BJ092018.html,https://future-digi.com/index.php?route=product/product&path=70&product_id=184,https://www.dlsite.com/books/work/=/product_id/BJ270642.html,https://exhentai.org/g/936437/e78efadbd8/,kenan117,未來數位扫本,
14,FDH-011,YES,姦用少女,Kanyou Shoujo,姦用少女,ヒット出版社,流一本,Nagare Ippon,2015-12-20,2016-01-30,https://www.dlsite.com/books/work/=/product_id/BJ068206.html,https://future-digi.com/index.php?route=product/product&path=70&product_id=183,https://www.dlsite.com/books/work/=/product_id/BJ270643.html,https://exhentai.org/g/856869/ccfd2af24e/,pps2000,新視界,
15,FDH-012,YES,巫女のいる町,Miko no Iru Machi,小鎮巫女,ヒット出版社,はらざきたくま,Harazaki Takuma,2016-02-11,2016-02-10,https://www.dlsite.com/books/work/=/product_id/BJ071226.html,https://future-digi.com/index.php?route=product/product&path=70&product_id=186,https://www.dlsite.com/books/work/=/product_id/BJ270644.html,https://exhentai.org/g/1010768/5e819794b3/,"4K扫图组",新視界,
16,FDH-013,YES,ふわとろ彼女。,Fuwatoro Kanojo.,輕柔即溶彼女。,ヒット出版社,しょうさん坊主,Shousan Bouzu,2016-02-01,2016-03-25,https://www.dlsite.com/books/work/=/product_id/BJ071224.html,https://future-digi.com/index.php?route=product/product&path=70&product_id=192,https://www.dlsite.com/books/work/=/product_id/BJ270645.html,https://exhentai.org/g/914582/52bb017070/,篆儀通文書坊,日版扫本汉化,
17,FDH-014,YES,みんな発情期!,Minna Hatsujouki!,全員發情期!,ヒット出版社,たかのゆき,Takano Yuki,2016-10-10,2016-04-20,https://www.dlsite.com/books/work/=/product_id/BJ094437.html,https://future-digi.com/index.php?route=product/product&product_id=194,https://www.dlsite.com/books/work/=/product_id/BJ270646.html,https://exhentai.org/g/937183/18050b3f1f/,uut,新視界,
18,FDH-015,YES,せんせいと、わたしと。 上,"Sensei to, Watashi to. Jou",老師的秘密、我的秘密。上,ヒット出版社,岡田コウ,Okada Kou,2014-01-13,2016-05-20,https://www.dlsite.com/books/work/=/product_id/BJ032591.html,https://future-digi.com/index.php?route=product/product&path=70&product_id=197,https://www.dlsite.com/books/work/=/product_id/BJ270647.html,https://exhentai.org/g/1866022/6bd5b9c86e/,煉銅術士,未來數位DL/BW,
19,FDH-016,YES,せんせいと、わたしと。 下,"Sensei to, Watashi to. Ge",老師的秘密、我的秘密。下,ヒット出版社,岡田コウ,Okada Kou,2014-01-13,2016-05-20,https://www.dlsite.com/books/work/=/product_id/BJ032592.html,https://future-digi.com/index.php?route=product/product&path=70&product_id=198,https://www.dlsite.com/books/work/=/product_id/BJ270648.html,https://exhentai.org/g/1866027/5f5af4923b/,煉銅術士,未來數位DL/BW,
20,FDH-018,YES,人狼教室,Jinrou Kyoushitsu,人狼教室,ヒット出版社,鈴木狂太郎,Suzuki Kyoutarou,2016-12-01,2016-07-19,https://www.dlsite.com/books/work/=/product_id/BJ098169.html,https://future-digi.com/index.php?route=product/product&product_id=204,https://www.dlsite.com/books/work/=/product_id/BJ270649.html,https://exhentai.org/g/1866028/f98316e4ce/,煉銅術士,未來數位DL/BW,
21,FDH-019,YES,個別えっち指導塾,Kobetsu Ecchi Shidou Juku,個別性愛指導塾,ヒット出版社,ホロナミン,horonamin,2017-02-01,2016-12-05,https://www.dlsite.com/books/work/=/product_id/BJ102738.html,https://future-digi.com/index.php?route=product/product&path=70&product_id=218,https://www.dlsite.com/books/work/=/product_id/BJ270650.html,https://exhentai.org/g/1866013/f30bc4e94b/,煉銅術士,未來數位DL/BW,
22,FDH-020,YES,亡国魔王の星彦くん,Boukoku Maou no Hoshihiko-kun,亡國魔王的星彥君,ヒット出版社,なるさわ景,Narusawa Kei,2017-03-04,2016-12-22,https://www.dlsite.com/books/work/=/product_id/BJ104828.html,https://future-digi.com/index.php?route=product/product&path=70&product_id=220,https://www.dlsite.com/books/work/=/product_id/BJ270651.html,https://exhentai.org/g/1087384/997c33c520/,YugumoKai,未來數位扫本,
23,FDH-022,YES,はついくコレクション,Hatsuiku Collection,發育少女觀察手冊,ヒット出版社,イコール,Equal,2017-03-11,2017-01-11,https://www.dlsite.com/books/work/=/product_id/BJ104829.html,https://future-digi.com/index.php?route=product/product&path=70&product_id=223,https://www.dlsite.com/books/work/=/product_id/BJ270652.html,,,,
24,FDH-023,YES,あべもりおかの…（仮）,Abe Morioka no ...(Kari),安部盛岡的…（情色漫畫家生活日誌）,ヒット出版社,あべもりおか,Abe Morioka,2017-01-12,2017-03-03,https://www.dlsite.com/books/work/=/product_id/BJ100871.html,https://future-digi.com/index.php?route=product/product&path=70&product_id=230,https://www.dlsite.com/books/work/=/product_id/BJ270653.html,,,,
25,FDH-028,YES,あべもりおかの…（仮）Ex1,Abe Morioka no ...(Kari) Ex 1,安部盛岡的…（情色漫畫家生活日誌）Ex 1,ヒット出版社,あべもりおか,Abe Morioka,2018-03-20,2018-05-06,https://www.dlsite.com/books/work/=/product_id/BJ142340.html,https://future-digi.com/index.php?route=product/product&path=70&product_id=252,https://www.dlsite.com/books/work/=/product_id/BJ270654.html,https://exhentai.org/g/1729424/d475e652bc/,"18comic",未來數位BW,截图
26,FDH-035,YES,あべもりおかの…（仮）Ex2,Abe Morioka no ...(Kari) Ex 2,安部盛岡的…（情色漫畫家生活日誌）Ex 2,ヒット出版社,あべもりおか,Abe Morioka,2019-04-02,2019-05-18,https://www.dlsite.com/books/work/=/product_id/BJ185569.html,https://future-digi.com/index.php?route=product/product&path=70&product_id=297,https://www.dlsite.com/books/work/=/product_id/BJ270655.html,,,,
27,FDH-024,NO,裸体芸術部!!,Ratai Geijutsubu!!,裸體藝術社!!,ヒット出版社,けんじ,Kenji,2018-04-10,2020-10-03,https://www.dlsite.com/books/work/=/product_id/BJ142341.html,https://future-digi.com/index.php?route=product/product&path=70&product_id=260,https://www.dlsite.com/books/work/=/product_id/BJ270656.html,https://exhentai.org/g/1496327/098c71bde7/,CrazyingZ,未來數位BW,截图
28,FDH-025,NO,今日からキミのドレイ,Kyou kara Kimi no Dorei,今天開始成為你的奴隸,ヒット出版社,あずきこ,Azukiko,2018-07-03,2018-03-31,https://www.dlsite.com/books/work/=/product_id/BJ151598.html,https://future-digi.com/index.php?route=product/product&path=70&product_id=248,https://www.dlsite.com/books/work/=/product_id/BJ270657.html,,,,
29,FDH-026,NO,円光おじさん,Enkou Oji-san,円光歐吉桑,ヒット出版社,師走の翁,Shiwasu no Okina,2018-05-15,2018-04-23,https://www.dlsite.com/books/work/=/product_id/BJ148465.html,https://future-digi.com/index.php?route=product/product&path=70&product_id=249,https://www.dlsite.com/books/work/=/product_id/BJ270658.html,https://exhentai.org/g/1299814/ffdea6cfbc/,狼1狼2,未來數位扫本,
30,FDH-027,NO,メイド学園へようこそ!!,Maid Gakuen e Youkoso!! - Welcome to Maid Academy,歡迎來到女僕學園!!,ヒット出版社,荒岸来歩,Alexi Laiho,2018-04-03,2018-05-06,https://www.dlsite.com/books/work/=/product_id/BJ142342.html,https://future-digi.com/index.php?route=product/product&path=70&product_id=251,https://www.dlsite.com/books/work/=/product_id/BJ270659.html,https://exhentai.org/g/1537970/cb14e52a16/,shinefine,未來數位BW,截图，未分页
31,FDH-029,NO,JC'S TRIP,JC'S TRIP,JC'S TRIP,ヒット出版社,鈴木狂太郎,Suzuki Kyoutarou,2016-03-03,2018-07-27,https://www.dlsite.com/books/work/=/product_id/BJ075950.html,https://future-digi.com/index.php?route=product/product&path=70&product_id=261,https://www.dlsite.com/books/work/=/product_id/BJ270660.html,https://exhentai.org/g/1884537/74077a1b72/,煉銅術士,未來數位DL/BW,
32,FDH-008,YES,メイドの×××はアナタのために,Maid no XXX wa Anata no Tame ni,女僕的XXX全奉獻給您,ヒット出版社,荒岸来歩,Alexi Laiho,2016-07-18,2015-11-13,https://www.dlsite.com/books/work/=/product_id/BJ087441.html,https://future-digi.com/index.php?route=product/product&path=70&product_id=177,https://www.dlsite.com/books/work/=/product_id/BJ270661.html,,,,
33,FDH-031,NO,おとめぼれ,Otomebore,初戀乙女心,ヒット出版社,ひょころー,Hyocorou,2019-01-22,2018-12-21,https://www.dlsite.com/books/work/=/product_id/BJ177481.html,https://future-digi.com/index.php?route=product/product&path=70&product_id=279,https://www.dlsite.com/books/work/=/product_id/BJ270662.html,https://exhentai.org/g/1723219/e8cff57689/,"18comic",未知,
34,FDH-032,NO,シェアハウスへようこそ,Share House e Youkoso,歡迎來到共享分租公寓,ヒット出版社,左橋レンヤ,Sabashi Renya,2019-02-19,2019-01-25,https://www.dlsite.com/books/work/=/product_id/BJ179352.html,https://future-digi.com/index.php?route=product/product&path=70&product_id=283,https://www.dlsite.com/books/work/=/product_id/BJ270663.html,,,,
35,FDH-033,NO,純欲解放区,Junyoku Kaihouku,純欲解放區,ヒット出版社,桃吹リオ,Momofuki Rio,2019-05-14,2019-04-03,https://www.dlsite.com/books/work/=/product_id/BJ188050.html,https://future-digi.com/index.php?route=product/product&product_id=290,https://www.dlsite.com/books/work/=/product_id/BJ270664.html,,,,
36,FDH-034,NO,したくなっちゃった。,Shitaku Nacchatta.,耐不住慾火焚身。,ヒット出版社,杜拓哉,Mori Takuya,2019-05-07,2019-05-18,https://www.dlsite.com/books/work/=/product_id/BJ188051.html,https://future-digi.com/index.php?route=product/product&path=70&product_id=296,https://www.dlsite.com/books/work/=/product_id/BJ270665.html,,,,
37,FDH-036,NO,よだれえっち,Yodare-Ecchi,愛如液流不止,ヒット出版社,毒でんぱ,Doku Denpa,2019-06-25,2019-06-14,https://www.dlsite.com/books/work/=/product_id/BJ193176.html,https://future-digi.com/index.php?route=product/product&path=70&product_id=299,https://www.dlsite.com/books/work/=/product_id/BJ270666.html,https://exhentai.org/g/1496511/255bf8fab8/,CrazyingZ,未來數位BW,截图
38,FDH-037,NO,サイミンスプレイ,Saimin's Play,強制催眠噴霧,ヒット出版社,ぽんこっちゃん,Poncocchan,2019-08-13,2019-07-26,https://www.dlsite.com/books/work/=/product_id/BJ200422.html,https://future-digi.com/index.php?route=product/product&product_id=307,https://www.dlsite.com/books/work/=/product_id/BJ270667.html,https://exhentai.org/g/1496478/95fdb234bb/,CrazyingZ,未來數位BW,截图
39,FDH-038,NO,くノ一淫縛大戦,Kunoichi Inbaku Taisen,女忍者淫縛大戰,ヒット出版社,井上よしひさ,Inoue Yoshihisa,2019-10-03,2019-09-09,https://www.dlsite.com/books/work/=/product_id/BJ202984.html,https://future-digi.com/index.php?route=product/product&path=70&product_id=315,https://www.dlsite.com/books/work/=/product_id/BJ270668.html,https://exhentai.org/g/1908690/8fa6035197/,scf123,未來數位DL,
40,FDH-039,NO,夏の離島研修でクラスの女子達がＳＥＸ狂いのメス奴隷に調教された話,Natsu no Ritou Kenshuu de Class no Joshi-tachi ga SEX Kurui no Mesu Dorei ni Choukyou Sareta Hanashi,夏季離島研修中班上的女生們被強制調教成痴女奴隸的那個故事,ヒット出版社,あべもりおか,Abe Morioka,2019-10-29,2019-10-07,https://www.dlsite.com/books/work/=/product_id/BJ205863.html,https://future-digi.com/index.php?route=product/product&path=70&product_id=316,https://www.dlsite.com/books/work/=/product_id/BJ270669.html,https://exhentai.org/g/1526951/ce35329faa/,qq3870990,未來數位BW,疑似截图
41,FDH-040,NO,全速全身 ご奉仕メイド,Zensoku Zenshin Gohoushi Maid,全速全身♡奉侍女僕,ヒット出版社,荒岸来歩,Alexi Laiho,2019-10-15,2019-10-21,https://www.dlsite.com/books/work/=/product_id/BJ205862.html,https://future-digi.com/index.php?route=product/product&path=70&product_id=321,https://www.dlsite.com/books/work/=/product_id/BJ270670.html,https://exhentai.org/g/1532364/53ac372844/,CrazyingZ,未來數位BW,原图低画质
42,FDH-041,NO,真面目でメガネなおっぱい達,Majime de Megane na Oppai-tachi,假正經的好色巨乳眼鏡娘們,ヒット出版社,ばーるん,Barlun,2019-11-19,2019-11-18,https://www.dlsite.com/books/work/=/product_id/BJ216337.html,https://future-digi.com/index.php?route=product/product&path=70&product_id=323,https://www.dlsite.com/books/work/=/product_id/BJ270671.html,https://exhentai.org/g/1585056/d1451edaab/,qq3870990,未來數位DL,截图
43,FDH-042,NO,うぇざっちぃず,Uezatchiizu,天氣慾報圖,ヒット出版社,幸田朋弘,Kouda Tomohiro,2019-12-03,2019-11-28,https://www.dlsite.com/books/work/=/product_id/BJ213420.html,https://future-digi.com/index.php?route=product/product&path=70&product_id=328,https://www.dlsite.com/books/work/=/product_id/BJ270672.html,https://exhentai.org/g/1677293/d123c6b6e7/,alfredmeow,未來數位BW,截图
44,FDH-043,NO,ハーレム女学院 体験入学,Harem Jogakuin Taiken Nyuugaku,蜂蜜後宮女學院♡體驗入學,ヒット出版社,ハチゴ,Hachigo,2019-12-03,2019-12-24,https://www.dlsite.com/books/work/=/product_id/BJ220619.html,https://future-digi.com/index.php?route=product/product&path=70&product_id=331,https://www.dlsite.com/books/work/=/product_id/BJ270673.html,,,,电子版有水印
45,FDH-044,NO,ラブレス・セックス,Loveless Sex,LOVELESS．SEX -先性後愛-,ヒット出版社,猫伊光,Nekoi Hikaru,2020-03-17,2020-01-07,https://www.dlsite.com/books/work/=/product_id/BJ225518.html,https://future-digi.com/index.php?route=product/product&path=70&product_id=335,https://www.dlsite.com/books/work/=/product_id/BJ270674.html,https://exhentai.org/g/1723213/d0327e4889/,"18comic",未知,数字版疑似DL源
46,FDH-045,NO,えちえちスクールライフ,Echi Echi School Life,好色發情學園性生活,ヒット出版社,冬みかん,Fuyu Mikan,2020-02-18,2020-01-16,https://www.dlsite.com/books/work/=/product_id/BJ225516.html,https://future-digi.com/index.php?route=product/product&path=70&product_id=338,https://www.dlsite.com/books/work/=/product_id/BJ270675.html,,,,
47,FDH-046,NO,カラオケボックスで隣のＪＣ2人組と乱入即ハメ,Karaoke Box de Tonari no JC2 Futarigumi to Rannyuu Sokuhame,卡拉OK包廂內隔壁JC2人組的亂入即插入,ヒット出版社,イコール,Equal,2020-04-07,2020-02-20,https://www.dlsite.com/books/work/=/product_id/BJ232413.html,https://future-digi.com/index.php?route=product/product&product_id=348,https://www.dlsite.com/books/work/=/product_id/BJ270676.html,,,,电子版有水印，实体版已下架
48,FDH-047,NO,働く看護師の性事情,Hataraku Kankoshi no Sei Jijou,在職護理師的性事情,ヒット出版社,左橋レンヤ,Sabashi Renya,2020-04-21,2020-03-19,https://www.dlsite.com/books/work/=/product_id/BJ232415.html,https://future-digi.com/index.php?route=product/product&path=70&product_id=358,https://www.dlsite.com/books/work/=/product_id/BJ270677.html,https://exhentai.org/g/1950938/efb3923229/,scf123,未來數位DL,
49,FDH-048,NO,おち○ちんに負けてしまった女の子たち,Ochinchin ni Makete shimatta Onnanoko-tachi,敗給歐金金並沉淪其中的女孩子們,ヒット出版社,無洗米,Musenmai,2020-05-19,2020-04-14,https://www.dlsite.com/books/work/=/product_id/BJ237662.html,https://future-digi.com/index.php?route=product/product&path=70&product_id=362,https://www.dlsite.com/books/work/=/product_id/BJ270678.html,https://exhentai.org/g/1711737/680fb20e13/?p=4,"18comic",未知,数字版疑似DL/BW
50,FDH-049,NO,まんなか。,Mannaka.,真愛滿溢。,ヒット出版社,清宮涼,Kiyomiya Ryo,2019-02-12,2020-05-07,https://www.dlsite.com/books/work/=/product_id/BJ178196.html,https://future-digi.com/index.php?route=product/product&product_id=365,https://www.dlsite.com/books/work/=/product_id/BJ270679.html,https://exhentai.org/g/1884563/e156e85295/,煉銅術士,未來數位DL/BW,
51,FDH-050,NO,洗脳されるだけの簡単なお仕事です,Sennou Sareru dake no Kantan na Oshigoto desu,洗腦只要成功就能簡單勝任的爽差事,ヒット出版社,しじょっこ,Shijokko,2020-07-07,2020-07-09,https://www.dlsite.com/books/work/=/product_id/BJ239457.html,https://future-digi.com/index.php?route=product/product&path=70&product_id=379,https://www.dlsite.com/books/work/=/product_id/BJ270680.html,https://exhentai.org/g/1708661/cf8d8e4491/,"18comic",未知,数字版疑似DL
52,FDH-051,NO,人妻だって恋したい 生ハメ受精で孕みたがる人妻（オンナ）たち,Hitozuma Datte Koi Shitai ~Namahame Jusei de Haramitagaru Hitozuma-tachi~,人妻也想談戀愛♡無套播種後孕望萌生的人妻們,ヒット出版社,堺はまち,Sakai Hamachi,2020-09-01,2020-08-04,https://www.dlsite.com/books/work/=/product_id/BJ239459.html,https://future-digi.com/index.php?route=product/product&path=70&product_id=382,https://www.dlsite.com/books/work/=/product_id/BJ270681.html,https://exhentai.org/g/1705816/8797f13801/,SUNLIU17,新視界,
53,IAH-001,YES,ヤッて姉妹ました,Yatte Shimai mashita,翻雲覆雨俏姊妹,GOT,おかゆさん,Okayusan,2015-07-24,2015-11-13,https://www.dlsite.com/books/work/=/product_id/BJ057658.html,https://future-digi.com/index.php?route=product/product&path=70&product_id=176,https://www.dlsite.com/books/work/=/product_id/BJ276862.html,,,,电子版1有水印，电子版2汉化存在问题
54,IAH-002,YES,ヒメカノ 1,,祕蜜情人,GOT,M&U,"",2016-08-31,2015-12-24,https://www.dlsite.com/books/work/=/product_id/BJ183350.html,https://future-digi.com/index.php?route=product/product&path=70&product_id=180,https://www.dlsite.com/books/work/=/product_id/BJ276863.html,,,,原作为CG被FD作为单行本代理
55,IAH-003,YES,性活週間,Seikatsu Shuukan,性活週間,GOT,みちきんぐ,Michiking,2016-03-11,2015-12-18,https://www.dlsite.com/books/work/=/product_id/BJ075840.html,https://future-digi.com/index.php?route=product/product&path=70&product_id=287,https://www.dlsite.com/books/work/=/product_id/BJ276864.html,https://exhentai.org/g/1757149/34198db0c3/,无毒汉化组+童貞未泯漢化想抱雷妈汉化组x先让我缓缓这次就不乱取名了汉化组&game8210整合,未知,汉化组校对重嵌
56,IAH-004,YES,ナツ恋オタガール,Natsu Koi Ota Girl - What Brings You to Japan?,夏戀宅女情人,GOT,ゆりかわ,Yurikawa,2016-02-20,2016-01-30,https://www.dlsite.com/books/work/=/product_id/BJ071754.html,https://future-digi.com/index.php?route=product/product&path=70&product_id=182,https://www.dlsite.com/books/work/=/product_id/BJ276865.html,https://exhentai.org/g/890331/a4b7ecb5d2/,uut,新視界,
57,IAH-005,YES,むちむち くりーむぱい,MuchiMuchi ♥ Cream Pie,麻糬奶油棉花乳,GOT,丸居まる,Marui Maru,2015-07-03,2016-02-10,https://www.dlsite.com/books/work/=/product_id/BJ057799.html,https://future-digi.com/index.php?route=product/product&path=70&product_id=185,https://www.dlsite.com/books/work/=/product_id/BJ276866.html,https://exhentai.org/g/787375/00df069ffe/,bashenan,新視界,未分页
58,IAH-006,YES,むにデレおんぱれぇど!,muni dere on parade!,柔嬌少女閱兵進行式,GOT,ニム,Nimu,2015-09-19,2016-03-25,https://www.dlsite.com/books/work/=/product_id/BJ062794.html,https://future-digi.com/index.php?route=product/product&path=70&product_id=191,https://www.dlsite.com/books/work/=/product_id/BJ276867.html,https://exhentai.org/g/1137539/a973b9235e/,iyaaiya54,未知,数字版疑似DL
59,IAH-007,YES,劣情ミクスチュア,Retsujou Mixture - Animal Passion Mixture,劣情色欲混合體,GOT,伊藤エイト,Itou Eight,2016-04-23,2016-04-20,https://www.dlsite.com/books/work/=/product_id/BJ077402.html,https://future-digi.com/index.php?route=product/product&path=70&product_id=193,https://www.dlsite.com/books/work/=/product_id/BJ276868.html,https://e-hentai.org/g/1947640/af1e2c5b2c/,K4W1H0R53,未來數位DL,
60,IAH-008,YES,あにまるあそーと,Animal Assort,受男慾女．強制交配,GOT,チバトシロウ,Chiba Toshirou,2015-08-15,2016-05-20,https://www.dlsite.com/books/work/=/product_id/BJ061182.html,https://future-digi.com/index.php?route=product/product&path=70&product_id=195,https://www.dlsite.com/books/work/=/product_id/BJ276869.html,https://exhentai.org/g/956004/039e19220a/,asprine2010,未知,
61,IAH-009,YES,お嬢様はえっちがしたい,Ojousama ha H ga Shitai,千金小姐想品嘗禁果,GOT,まめこ,Mameko,2016-08-31,2016-06-17,https://www.dlsite.com/books/work/=/product_id/BJ091582.html,https://future-digi.com/index.php?route=product/product&path=70&product_id=201,https://www.dlsite.com/books/work/=/product_id/BJ276870.html,https://exhentai.org/g/1209475/e33b960720/,s03201349,未知,
62,IAH-010,YES,むちラヴァ,Muchi Lover,肉感戀人,GOT,メトニウム,Methonium,2016-07-29,2016-07-19,https://www.dlsite.com/books/work/=/product_id/BJ087960.html,https://future-digi.com/index.php?route=product/product&path=70&product_id=205,https://www.dlsite.com/books/work/=/product_id/BJ276871.html,https://exhentai.org/g/937046/b4eaa52860/,丧失汉化,日版扫本汉化,
63,IAH-011,YES,だから神様、ボクにしか見えないちいさな恋人をください。,"Dakara Kami-sama, Boku ni shika Mienai Chiisana Koibito o Kudasai.","神啊求求您,請賜予一位只有我能看見的小戀人吧。",GOT,御免なさい,Gomennasai,2016-10-01,2016-10-14,https://www.dlsite.com/books/work/=/product_id/BJ094650.html,https://future-digi.com/index.php?route=product/product&path=70&product_id=212,https://www.dlsite.com/books/work/=/product_id/BJ276872.html,https://exhentai.org/g/1862706/65dd684a39/,ero娜,未來數位DL,数字版去除版权页
64,IAH-012,YES,スクールカースト,School Caste,校園性愛階級 - School Caste-,GOT,おかゆさん,Okayusan,2016-11-19,2016-10-21,https://www.dlsite.com/books/work/=/product_id/BJ095830.html,https://future-digi.com/index.php?route=product/product&path=70&product_id=215,https://www.dlsite.com/books/work/=/product_id/BJ276873.html,https://exhentai.org/g/1691327/9d6bf96cb6/,suraxiuxiu,未知,
65,IAH-013,YES,契と結の方程式,Chigiri to Musubi no Houteishiki - Equation of Chigiri & Musubi,契與結的方程式,GOT,日吉ハナ,Hiyoshi Hana,2016-11-12,2016-12-05,https://www.dlsite.com/books/work/=/product_id/BJ095829.html,https://future-digi.com/index.php?route=product/product&path=70&product_id=216,https://www.dlsite.com/books/work/=/product_id/BJ276874.html,https://exhentai.org/g/967416/38bbf5e9ba/,無邪気漢化,日版扫本汉化,
66,IAH-014,YES,ふわとろ受精ちゅーどく!,Fuwatoro Jusei Chuudoku!,軟玉溫香♥受精中毒症候群!,GOT,丸居まる,Marui Maru,2016-12-28,2017-01-11,https://www.dlsite.com/books/work/=/product_id/BJ097087.html,https://future-digi.com/index.php?route=product/product&path=70&product_id=222,https://www.dlsite.com/books/work/=/product_id/BJ276875.html,https://nhentai.net/g/201896/,,新視界,
67,IAH-015,YES,六畳ひと間メイドつき～増量ちゅう～,Rokujou Hitoma Maid Tsuki ~Zouryouchuu~,三坪房間附女僕～♥♥增量中♥♥～,GOT,かいづか,Kaiduka,2016-10-31,2017-02-10,https://www.dlsite.com/books/work/=/product_id/BJ094652.html,https://future-digi.com/index.php?route=product/product&path=70&product_id=225,https://www.dlsite.com/books/work/=/product_id/BJ276876.html,,,,电子版有水印/画质问题
68,IAH-016,YES,おませで御免! 新装版,Omase de Gomen ! Shinsouban,過度早熟御免 新裝版,GOT,御免なさい,Gomennasai,2017-01-14,2017-03-03,https://www.dlsite.com/books/work/=/product_id/BJ097090.html,https://future-digi.com/index.php?route=product/product&path=70&product_id=229,https://www.dlsite.com/books/work/=/product_id/BJ276877.html,https://exhentai.org/g/1862423/e7d600b7c8/,煉銅術士,未來數位DL/BW,
69,IAH-018,YES,この春、彼女ができました。,"Kono Haru, Kanojo ga Dekimashita.",這年春天、我交到女朋友了。,GOT,板場広し(板場広志),Itaba Hiroshi,2017-06-10,2017-06-30,https://www.dlsite.com/books/work/=/product_id/BJ110921.html,https://future-digi.com/index.php?route=product/product&path=70&product_id=236,https://www.dlsite.com/books/work/=/product_id/BJ276879.html,https://exhentai.org/g/1921550/5b96d04afb/,nobodykkk,未來數位扫本,
70,IAH-019,YES,エルフの嫁入り,Elf no Yomeiri,精靈新嫁娘,GOT,袁藤沖人,Endou Okito,2017-09-23,2021-04-30,https://www.dlsite.com/books/work/=/product_id/BJ116208.html,https://future-digi.com/index.php?route=product/product&path=70&product_id=471,https://www.dlsite.com/books/work/=/product_id/BJ276880.html,https://exhentai.org/g/1093933/667679d040/,無邪気漢化,日版扫本汉化,
71,IAH-020,YES,じょしラク! 2 Years Later,Joshi Luck! ~2 Years Later~,女子棍球社! 2 Years Later,GOT,DISTANCE,DISTANCE,2017-09-02,2017-09-05,https://www.dlsite.com/books/work/=/product_id/BJ113501.html,https://future-digi.com/index.php?route=product/product&path=70&product_id=241,https://www.dlsite.com/books/work/=/product_id/BJ276881.html,https://exhentai.org/g/1901924/9b90442cf6/,,,
72,IAH-024,YES,じょしラク!〜2 Years Later〜 2,Jyoshi Luck! ~2 Years Later~ 2,女子棍球社! ～2 Years Later～2,GOT,DISTANCE,DISTANCE,2018-12-28,2018-12-21,https://www.dlsite.com/books/work/=/product_id/BJ174132.html,https://future-digi.com/index.php?route=product/product&path=70&product_id=281,https://www.dlsite.com/books/work/=/product_id/BJ276882.html,https://exhentai.org/g/1727510/88d91f67f9/,Tamiko66,未來數位DL,黑叔叔修正
73,IAH-021,YES,ヒミツデレ,Himitsudere - Secret Love,秘嬌女僕,GOT,にぃと,Neet,2017-10-14,2017-09-05,https://www.dlsite.com/books/work/=/product_id/BJ118904.html,https://future-digi.com/index.php?route=product/product&product_id=242,https://www.dlsite.com/books/work/=/product_id/BJ276883.html,https://exhentai.org/g/1199969/739b91de75/,篆儀通文書坊,日版扫本汉化,
74,IAH-022,YES,魔剣の姫士,Maken no Kishi,魔劍的姬士,GOT,無望菜志,Namonashi,2018-06-24,2018-06-20,https://www.dlsite.com/books/work/=/product_id/BJ149596.html,https://future-digi.com/index.php?route=product/product&path=70&product_id=256,https://www.dlsite.com/books/work/=/product_id/BJ276884.html,https://exhentai.org/g/1862288/d6b800cf26/,ThunderAlways,未來數位DL,截图，分辨率有损失
75,IAH-023,YES,コイナカplus,Koinaka plus,由衷之戀plus,GOT,らんち,Lunch,2018-10-01,2018-10-27,https://www.dlsite.com/books/work/=/product_id/BJ160892.html,https://future-digi.com/index.php?route=product/product&path=70&product_id=270,https://www.dlsite.com/books/work/=/product_id/BJ276885.html,https://exhentai.org/g/1820890/e0b0548b3b/,dsadagsdg,未來數位DL,未经作者同意上传
76,IAH-026,YES,じょしラク! 新装版,Jyoshi Luck! Shinsouban,女子棍球社! 新裝版,GOT,DISTANCE,DISTANCE,2019-02-28,2019-04-03,https://www.dlsite.com/books/work/=/product_id/BJ185592.html,https://future-digi.com/index.php?route=product/product&path=70&product_id=289,https://www.dlsite.com/books/work/=/product_id/BJ276886.html,https://exhentai.org/g/1473219/1be09d326e/,HUILENDASI,未來數位DL,隐性恶疾重嵌去码
77,IAH-027,YES,ぴゅあ×シコ×みるく,Pure x Shiko x Milk,純愛×發情×牛奶浴,GOT,ぎうにう,Giuniu,2019-06-07,2019-05-07,https://www.dlsite.com/books/work/=/product_id/BJ197926.html,https://future-digi.com/index.php?route=product/product&product_id=291,https://www.dlsite.com/books/work/=/product_id/BJ276887.html,https://exhentai.org/g/1940968/d68b01baf8/,K4W1H0R53,未來數位DL,
78,IAH-028,YES,恋糸記念日 新装版,Koiito Kinenbi Shinsouban,戀糸記念日 新装版,GOT,たかやKi,TakayaKi,2019-04-25,2019-05-07,https://www.dlsite.com/books/work/=/product_id/BJ192454.html,https://future-digi.com/index.php?route=product/product&product_id=294,https://www.dlsite.com/books/work/=/product_id/BJ276888.html,,,,记忆里电子版有无邪气汉化版，待验证；实体版缺货
79,IAH-029,YES,年下しんどろ～む,Toshishita Syndrome,年下求愛症候～群,GOT,たかやKi,TakayaKi,2019-07-12,2019-06-14,https://www.dlsite.com/books/work/=/product_id/BJ199178.html,https://future-digi.com/index.php?route=product/product&product_id=298,https://www.dlsite.com/books/work/=/product_id/BJ276889.html,https://exhentai.org/g/1414470/0f06b2afe3/,無邪気漢化,日版扫本汉化,
80,IAH-030,YES,フシギフシダラ,Fushigi Fushidara,不思議不檢點,GOT,交介,Kousuke,2019-06-07,2019-07-26,https://www.dlsite.com/books/work/=/product_id/BJ197935.html,https://future-digi.com/index.php?route=product/product&path=70&product_id=300,https://www.dlsite.com/books/work/=/product_id/BJ276890.html,https://e-hentai.org/g/1959237/42e14c9c15/,K4W1H0R53,未來數位DL,
81,IAH-031,YES,助っ人参上!!,Suketto Sanjou!!,助拳人參上!!,GOT,らっこ,Rakko,2019-07-30,2019-07-26,https://www.dlsite.com/books/work/=/product_id/BJ201012.html,https://future-digi.com/index.php?route=product/product&path=70&product_id=301,https://www.dlsite.com/books/work/=/product_id/BJ276891.html,,,,
82,IAH-032,YES,知らない女たちがいっぱい部屋にいた!,Shiranai Onnatachi ga Ippai Heya ni Ita!,不認識的女孩子們大量出現在我房裡!,GOT,宮野金太郎,Miyano Kintarou,2019-09-26,2019-09-09,https://www.dlsite.com/books/work/=/product_id/BJ210439.html,https://future-digi.com/index.php?route=product/product&path=70&product_id=313,https://www.dlsite.com/books/work/=/product_id/BJ276892.html,,,,电子版有水印/画质问题
83,IAH-033,YES,とろかせおるがずむ,Torokase Orgasm,美魔女的究極高潮,GOT,おるとろ,Oltlo,2019-09-29,2019-10-07,https://www.dlsite.com/books/work/=/product_id/BJ210436.html,https://future-digi.com/index.php?route=product/product&path=70&product_id=317,https://www.dlsite.com/books/work/=/product_id/BJ276893.html,https://exhentai.org/g/1876677/ff09175fab/,qq3870990,未來數位DL,皮皮重嵌
84,IAH-034,YES,とろけてとける,Torokete Tokeru,熱到融愛到化,GOT,ユズハ,Yuzuha,2019-09-29,2019-10-21,https://www.dlsite.com/books/work/=/product_id/BJ210437.html,https://future-digi.com/index.php?route=product/product&path=70&product_id=320,https://www.dlsite.com/books/work/=/product_id/BJ276894.html,https://exhentai.org/g/1467341/f638aeccaa/,"4K扫图组",新視界,
85,IAH-035,YES,誘ってるんですけど?,Sasotte Rundesu Kedo?,人家在誘惑你耶?,GOT,折口ヒラタ,Orikuchi Hirata,2019-10-25,2019-11-18,https://www.dlsite.com/books/work/=/product_id/BJ215715.html,https://future-digi.com/index.php?route=product/product&path=70&product_id=324,https://www.dlsite.com/books/work/=/product_id/BJ276895.html,https://exhentai.org/g/1475304/b38e7aa219/,"4K扫图组",新視界,
86,IAH-036,YES,歪なカンケイ,Ibitsu na Kankei,扭曲的關係,GOT,yasu,yasu,2019-10-31,2019-11-28,https://www.dlsite.com/books/work/=/product_id/BJ215718.html,https://future-digi.com/index.php?route=product/product&path=70&product_id=329,https://www.dlsite.com/books/work/=/product_id/BJ276896.html,,,,电子版有水印/画质问题
87,IAH-037,YES,痴女専用車＜ビッチオンリー＞,BITCH ONLY,痴女專用車＜Bitch Only＞ 特裝版,GOT,印度カリー,Indo Curry,2019-10-31,2019-12-24,https://www.dlsite.com/books/work/=/product_id/BJ215717.html,https://future-digi.com/index.php?route=product/product&path=70&product_id=332,https://www.dlsite.com/books/work/=/product_id/BJ276897.html,https://exhentai.org/g/1481757/9aff2f8fb9/,"4K扫图组",新視界,
88,IAH-038,YES,ぱい・はーど,Pai Hard,終極・歐ー派,GOT,しろくま,Sirokuma,2019-12-25,2020-01-07,https://www.dlsite.com/books/work/=/product_id/BJ219635.html,https://future-digi.com/index.php?route=product/product&path=70&product_id=334,https://www.dlsite.com/books/work/=/product_id/BJ276898.html,https://exhentai.org/g/1498148/286e4ae317/,"4K扫图组",新視界,
89,IAH-039,YES,CHOCO×LOVE,CHOCO x LOVE,CHOCO×LOVE -褐色之戀-,GOT,廃狼,Highlow,2020-01-31,2020-01-16,https://www.dlsite.com/books/work/=/product_id/BJ226336.html,https://future-digi.com/index.php?route=product/product&path=70&product_id=340,https://www.dlsite.com/books/work/=/product_id/BJ276899.html,https://exhentai.org/g/1940973/da585b8213/,K4W1H0R53,自购,
90,IAH-040,YES,コスは淫らな仮面 商業版,Cos wa Midara na Kamen Shogyouban - Cosplay is a mask,扮裝乃淫靡的假面 商業版,GOT,すずはねすず,Suzuhane Suzu,2020-01-25,2020-02-20,https://www.dlsite.com/books/work/=/product_id/BJ226335.html,https://future-digi.com/index.php?route=product/product&path=70&product_id=345,https://www.dlsite.com/books/work/=/product_id/BJ276900.html,https://exhentai.org/g/1585777/6ace63f66f/,篆儀通文書坊漢化,日版扫本汉化,
91,IAH-041,YES,ハメられてわかるコト。,Hamerarete Wakarukoto.,親身經歷過才能夠明白。,GOT,染岡ゆすら,Someoka Yusura,2020-01-25,2020-02-20,https://www.dlsite.com/books/work/=/product_id/BJ226334.html,https://future-digi.com/index.php?route=product/product&path=70&product_id=346,https://www.dlsite.com/books/work/=/product_id/BJ276901.html,https://exhentai.org/g/1959236/711b3e6673/,K4W1H0R53,未來數位DL,
92,IAH-042,YES,熟メス♀,Juku Mesu - Erotic Mature Women,熟牝女♀,GOT,俵緋龍,Tawara Hiryuu,2019-12-25,2020-03-19,https://www.dlsite.com/books/work/=/product_id/BJ223289.html,https://future-digi.com/index.php?route=product/product&path=70&product_id=355,https://www.dlsite.com/books/work/=/product_id/BJ276902.html,https://exhentai.org/g/1720699/c2e4820ba1/,qq3870990,未來數位DL,皮皮重嵌
93,IAH-043,YES,強制種付けエクスプレス,Kyousei Tanetsuke Express - Forced Seeding Express,強制播種直達電車,GOT,日月ネコ,Hinotsuki Neko,2020-02-29,2020-03-19,https://www.dlsite.com/books/work/=/product_id/BJ230107.html,https://future-digi.com/index.php?route=product/product&path=70&product_id=356,https://www.dlsite.com/books/work/=/product_id/BJ276903.html,,,,电子版有水印/画质问题
94,IAH-044,YES,歪欲,Waiyoku,歪欲,GOT,三ッ葉稔,Mitsuba Minoru,2020-03-27,2020-04-14,https://www.dlsite.com/books/work/=/product_id/BJ230109.html,https://future-digi.com/index.php?route=product/product&path=70&product_id=359,https://www.dlsite.com/books/work/=/product_id/BJ276904.html,https://exhentai.org/g/1683203/d89e298086/,篆儀通文書坊漢化,,
95,IAH-045,YES,やみつきフェロモン,YaMiTsuKi Pheromone,性愛上癮費洛蒙中毒 特裝版,GOT,ヘリを,Herio,2020-03-27,2020-04-14,https://www.dlsite.com/books/work/=/product_id/BJ230104.html,https://future-digi.com/index.php?route=product/product&path=70&product_id=360,https://www.dlsite.com/books/work/=/product_id/BJ276905.html,https://exhentai.org/g/1671430/b9516ea953/,篆儀通文書坊漢化,,
96,IAH-046,YES,-今までで一番良かったセックス,#Imamadede Ichibanyokatta Sex,＃至今為止感覺最棒的一次做愛,GOT,おかゆさん,Okayusan,2020-03-28,2020-05-07,https://www.dlsite.com/books/work/=/product_id/BJ233896.html,https://future-digi.com/index.php?route=product/product&path=70&product_id=363,https://www.dlsite.com/books/work/=/product_id/BJ276906.html,https://exhentai.org/g/1558529/b14f29250e/,"4K扫图组",新視界,
97,IAH-047,YES,離島へ転校したらホストファミリーがドスケベで困る,Ritou e Tenkou Shitara Host Family ga Dosukebe de Komaru Soushuuhen,轉學到離島後寄宿家庭內超色情的困擾,GOT,なるさわ景,Narusawa Kei,2020-03-25,2020-06-11,https://www.dlsite.com/books/work/=/product_id/BJ233888.html,https://future-digi.com/index.php?route=product/product&path=70&product_id=366,https://www.dlsite.com/books/work/=/product_id/BJ276907.html,https://nhentai.net/g/304896/,,日版扫本汉化,therethere個人翻譯&嵌字
98,IAH-048,YES,ぱんぱん やわらか・えっち穴,Panpan Yawaraka Ecchi Ana,啪啪作樂♥軟玉溫香．好色穴,GOT,丸居まる,Marui Maru,2020-03-25,2020-06-11,https://www.dlsite.com/books/work/=/product_id/BJ233889.html,https://future-digi.com/index.php?route=product/product&path=70&product_id=367,https://www.dlsite.com/books/work/=/product_id/BJ276908.html,https://exhentai.org/g/1712165/cd07d331d1/,"18comic",未知 ,疑似未來數位扫本
99,IAH-049,YES,ご都合カノジョ,Gotsugou Kanojo,御都合即食女友,GOT,sage・ジョー,sage joh,2020-05-25,2020-06-25,https://www.dlsite.com/books/work/=/product_id/BJ243334.html,https://future-digi.com/index.php?route=product/product&path=70&product_id=370,https://www.dlsite.com/books/work/=/product_id/BJ276909.html,,,,电子版有水印/画质问题
100,IAH-050,YES,メスガオ（発情表情）,Mesugao (Hatsujou Hyoujou),發情表情 特裝版,GOT,板場広し(板場広志),Itaba Hiroshi,2020-04-30,2020-07-09,https://www.dlsite.com/books/work/=/product_id/BJ238487.html,https://future-digi.com/index.php?route=product/product&path=70&product_id=372,https://www.dlsite.com/books/work/=/product_id/BJ276910.html,https://exhentai.org/g/1605342/b8426af629/,"4K扫图组",新視界,
101,IAH-052,YES,奉仕種族がやってきた!,Houshi Shuzoku ga Yattekita!,奉侍種族不請自來了!,GOT,かいづか,Kaiduka,2020-07-30,2020-08-04,https://www.dlsite.com/books/work/=/product_id/BJ249621.html,https://future-digi.com/index.php?route=product/product&path=70&product_id=381,https://www.dlsite.com/books/work/=/product_id/BJ287313.html,https://exhentai.org/g/1705814/ccba78496b/,"18comic",未知,
102,IAH-053,YES,彼女たちはシたい事があるらしい,Kanojotachi wa Shitai Koto Ga Arurashi,思春少女躍躍欲試的秘密情事,GOT,久川ちん,Hisakawa Tinn,2020-08-29,2020-10-03,https://www.dlsite.com/books/work/=/product_id/BJ253380.html,https://future-digi.com/index.php?route=product/product&path=70&product_id=383,https://www.dlsite.com/books/work/=/product_id/BJ287314.html,,,,电子版有水印/画质问题
103,IAH-054,YES,指導姦 Day after,Shidoukan Day after,指導姦 Day after 特裝版,GOT,BANG-YOU,BANG-YOU,2020-07-25,2020-10-15,https://www.dlsite.com/books/work/=/product_id/BJ249618.html,https://future-digi.com/index.php?route=product/product&path=70&product_id=408,https://www.dlsite.com/books/work/=/product_id/BJ287315.html,https://exhentai.org/g/1763503/73831e9b30/,"18comic",未知,
104,IAH-055,YES,異世界で女の子のオナネタが見える能力を手に入れた俺がそれだけを武器に世界を救う!?,Isekai de Onnanoko no Onaneta ga Mieru Nouryoku o Te ni Ireta Ore ga Sore dake o Buki ni Sekai o Sukuu!?,異世界穿越後獲得作弊能力看得見女生,GOT,	宮野金太郎,Miyano Kintarou,2020-11-25,2021-03-26,https://www.dlsite.com/books/work/=/product_id/BJ266641.html,https://future-digi.com/index.php?route=product/product&path=70&product_id=416,https://www.dlsite.com/books/work/=/product_id/BJ287316.html,,,,电子版有水印/画质问题
105,IAH-056,YES,カノジョのいちばんスケベなトコロ,Kanojo no Ichiban Sukebe na Tokoro,我家女友身上最為誘人的所在,GOT,みな本,Minamoto,2021-01-09,2020-12-14,https://www.dlsite.com/books/work/=/product_id/BJ272050.html,https://future-digi.com/index.php?route=product/product&path=70&product_id=422,https://www.dlsite.com/books/work/=/product_id/BJ287317.html,https://exhentai.org/g/1970351/755db27dfd/,alfredmeow/究極邊緣人,未來數位DL,全彩
106,FDH-053,NO,きみのおっぱいをしゃぶりたい,Kimi no Oppai o Shaburitai,把玩妳綿軟歐派並含入口中品嘗,ヒット出版社,唐辛子ひでゆ,Tohgarashi Hideyu,2020-10-06,2020-10-15,https://www.dlsite.com/books/work/=/product_id/BJ245845.html,https://future-digi.com/index.php?route=product/product&path=70&product_id=405,https://www.dlsite.com/books/work/=/product_id/BJ287318.html,https://exhentai.org/g/1763500/7241e83515/,"18comic",未知,
107,FDH-054,NO,となりがＨで羨ましいカラ。,Tonari ga H de Urayamashii kara.,隔壁正在H真是讓人羨慕呀。,ヒット出版社,新井カズキ,Arai Kazuki,2020-10-20,2020-11-30,https://www.dlsite.com/books/work/=/product_id/BJ245847.html,https://future-digi.com/index.php?route=product/product&path=70&product_id=414,https://www.dlsite.com/books/work/=/product_id/BJ287319.html,,,,
108,FDH-055,NO,Please!Freeze!Please!,Please! Freeze! Please!,Please!Freeze!Please!-圖書室三人的祕密情事-,ヒット出版社,師走の翁,Shiwasu no Okina,2021-01-12,2020-11-30,https://www.dlsite.com/books/work/=/product_id/BJ270983.html,https://future-digi.com/index.php?route=product/product&path=70&product_id=417,https://www.dlsite.com/books/work/=/product_id/BJ287320.html,https://exhentai.org/g/1795011/483474cc0e/,這些機會不屬於我漢化,日版DL,
109,FDA-001,YES,少女達の茶道ism,Shoujo-tachi no Sadism,少女們的茶道ism,茜新社,月吉ヒロキ,Tsukiyoshi Hiroki,2016-10-29,2016-07-19,https://www.dlsite.com/books/work/=/product_id/BJ095529.html,https://future-digi.com/index.php?route=product/product&path=70&product_id=202,https://www.dlsite.com/books/work/=/product_id/BJ287321.html,https://exhentai.org/g/954028/5f2c49c9b3/,篆儀通文書坊漢化,日版扫本汉化,
110,FDA-002,YES,もっかいするの?,Mokkai suru no ?,要不要再愛一次?,茜新社,きんく,Kinku,2016-05-21,2016-08-27,https://www.dlsite.com/books/work/=/product_id/BJ082246.html,https://future-digi.com/index.php?route=product/product&path=70&product_id=206,https://www.dlsite.com/books/work/=/product_id/BJ287322.html,https://exhentai.org/g/1884568/47d8748059/,煉銅術士,未來數位DL,
111,FDA-003,YES,カクレコト,Kakure Koto,隱藏的秘密,茜新社,鶴田文学,Tsuruta Bungaku,2016-06-04,2016-08-11,https://www.dlsite.com/books/work/=/product_id/BJ082240.html,https://future-digi.com/index.php?route=product/product&path=70&product_id=207,https://www.dlsite.com/books/work/=/product_id/BJ287323.html,https://exhentai.org/g/936412/72de70b19e/,BOJJ,未知,
112,FDA-004,YES,ヴァニラエッセンス,Vanilla Essence,Vanilla Essence,茜新社,大和川,Yamatogawa,2016-06-05,2016-08-27,https://www.dlsite.com/books/work/=/product_id/BJ082241.html,https://future-digi.com/index.php?route=product/product&path=70&product_id=203,https://www.dlsite.com/books/work/=/product_id/BJ287324.html,https://exhentai.org/g/868885/450605b166/,uut,疑似新视界扫本,""
113,FDA-006,YES,超JCいもうと,Chou JC Imouto - Super Juicy Sisters,超JC美眉,茜新社,ホーミング,Homing,2016-05-27,2016-10-21,https://www.dlsite.com/books/work/=/product_id/BJ082245.html,https://future-digi.com/index.php?route=product/product&path=70&product_id=214,https://www.dlsite.com/books/work/=/product_id/BJ287325.html,,,,
114,FDA-007,YES,ろりくりごはん,Loli Kuri Gohan,香甜鬆軟蘿莉飯,茜新社,上田裕,Ueda Yuu,2017-01-09,2016-11-21,https://www.dlsite.com/books/work/=/product_id/BJ100887.html,https://future-digi.com/index.php?route=product/product&path=70&product_id=217,https://www.dlsite.com/books/work/=/product_id/BJ287326.html,https://exhentai.org/g/1884566/41bb7d22b0/,煉銅術士,未來數位DL,
115,FDA-008,YES,ちいさいこいいよね…,Chiisaiko Iiyone...,嬌小蘿莉 真好啊…,茜新社,小路あゆむ,Shouji Ayumu,2017-02-18,2017-01-23,https://www.dlsite.com/books/work/=/product_id/BJ103975.html,https://future-digi.com/index.php?route=product/product&path=70&product_id=226,https://www.dlsite.com/books/work/=/product_id/BJ287327.html,https://exhentai.org/g/1884561/9e185fe051/,煉銅術士,未來數位DL,
116,FDA-009,YES,パコパコぷりんせす,Pakopako Princess,蘿莉啪啪御宅公主,茜新社,前島龍,Maeshima Ryou,2017-04-23,2017-02-10,https://www.dlsite.com/books/work/=/product_id/BJ103975.html,https://future-digi.com/index.php?route=product/product&path=70&product_id=228,https://www.dlsite.com/books/work/=/product_id/BJ287328.html,https://exhentai.org/g/1884564/d7c91d152f/,煉銅術士,未來數位DL,
117,FDA-010,YES,おねショタでぃっしゅ,Oneshota Dish,御姐正太豪華拼盤,茜新社,森島コン,Morishima Kon,2017-06-04,2017-05-12,https://www.dlsite.com/books/work/=/product_id/BJ112509.html,https://future-digi.com/index.php?route=product/product&path=70&product_id=234,https://www.dlsite.com/books/work/=/product_id/BJ287329.html,https://exhentai.org/g/1095631/26cd8b30bf/,zz531098469,新視界,
118,FDA-011,NO,妖怪小料理屋にようこそ,Youkai Koryouriya ni Youkoso - Welcome to apparition small restaurant,歡迎光臨妖怪小料理屋,茜新社,あまがえる,Amagaeru,2019-05-27,2019-07-26,https://www.dlsite.com/books/work/=/product_id/BJ196410.html,https://future-digi.com/index.php?route=product/product&path=70&product_id=306,https://www.dlsite.com/books/work/=/product_id/BJ287330.html,https://exhentai.org/g/1531955/433859cfc4/,CrazyingZ,未來數位BW,截图
119,FDA-012,NO,TEENISM,TEENISM,TEENISM -青澀主義-,茜新社,緑茶イズム,Ryokuchaism,2019-07-28,2019-09-09,https://www.dlsite.com/books/work/=/product_id/BJ203634.html,https://future-digi.com/index.php?route=product/product&path=70&product_id=314,https://www.dlsite.com/books/work/=/product_id/BJ287331.html,https://exhentai.org/g/1444504/a8554320de/,"4K扫图组",新視界,
120,FDA-013,NO,初めてのヒトヅマ,Hajimete no Hitozuma,第一次的人妻體驗,茜新社,篠塚裕志,Shinozuka Yuuji,2019-08-12,2019-10-07,https://www.dlsite.com/books/work/=/product_id/BJ205492.html,https://future-digi.com/index.php?route=product/product&path=70&product_id=318,https://www.dlsite.com/books/work/=/product_id/BJ287332.html,https://exhentai.org/g/1744350/1b1aaa04e4/,qq3870990,未來數位DL,数字版皮皮重嵌
121,FDA-014,NO,まなざしテンプテーション,Manazashi Temptation,迷濛電眼的桃色誘惑,茜新社,駿河クロイツ,Suruga Kuroitsu,2018-10-28,2019-10-21,https://www.dlsite.com/books/work/=/product_id/BJ170343.html,https://future-digi.com/index.php?route=product/product&path=70&product_id=319,https://www.dlsite.com/books/work/=/product_id/BJ287333.html,,,,
122,FDA-015,NO,僕は小さな淫魔のしもべ,Boku wa Chiisana Succubus no Shimobe - I am a slave of a small succubus,我是嬌小魅魔的忠實僕人,未來數位,玉之けだま,Tamano Kedama,2021-03-26,2019-11-18,https://www.dlsite.com/books/work/=/product_id/BJ287334.html,https://future-digi.com/index.php?route=product/product&product_id=322,https://www.dlsite.com/books/work/=/product_id/BJ287334.html,https://exhentai.org/g/1529946/edfe4af21c/,qq3870990,未知,实体版缺货，数字版疑似二压
123,FDA-016,NO,Knospenmädchen,Knospenmadchen,-Knospenmädchen-花蕊少女-,茜新社,まめおじたん,Mameojitan,2019-10-12,2019-11-28,https://www.dlsite.com/books/work/=/product_id/BJ214089.html,https://future-digi.com/index.php?route=product/product&path=70&product_id=327,https://www.dlsite.com/books/work/=/product_id/BJ287335.html,https://exhentai.org/g/1578949/b992124bee/,篆儀通文書坊漢化,未來數位DL版,重嵌汉化
124,FDA-017,NO,彼女がセックスに慣れてるワケ,Kanojo ga SEX ni nare teru wake,女友會習慣SEX的緣由,茜新社,あお色一号,Aoiro Ichigou,2019-09-12,2019-12-24,https://www.dlsite.com/books/work/=/product_id/BJ208784.html,https://future-digi.com/index.php?route=product/product&path=70&product_id=330,https://www.dlsite.com/books/work/=/product_id/BJ287336.html,https://exhentai.org/g/1466780/6f770ef023/,"4K扫图组",新視界,
125,FDA-018,NO,溺愛交尾,Dekiai Koubi,溺愛交尾,茜新社,むねしろ,Muneshiro,2019-11-12,2020-01-07,https://www.dlsite.com/books/work/=/product_id/BJ217012.html,https://future-digi.com/index.php?route=product/product&path=70&product_id=333,https://www.dlsite.com/books/work/=/product_id/BJ287337.html,https://exhentai.org/g/1933214/c5be35b462/,sanwuxiansen,日版DL,懶貓個人重嵌新視界文本
126,FDA-019,NO,アクマでJK!,Akuma de JK!,小惡魔JK!,茜新社,神毛物由宇,Mikemono Yuu,2019-11-28,2020-01-16,https://www.dlsite.com/books/work/=/product_id/BJ219794.html,https://future-digi.com/index.php?route=product/product&path=70&product_id=339,https://www.dlsite.com/books/work/=/product_id/BJ287338.html,https://exhentai.org/g/1535763/18c0270e3c/,無邪気漢化,日版扫本汉化,
127,FDA-020,NO,おねえちゃんたいむ,Onee-chan Time,大姐姐的正太時間♡,茜新社,森島コン,Morishima Kon,2020-01-12,2020-02-20,https://www.dlsite.com/books/work/=/product_id/BJ224595.html,https://future-digi.com/index.php?route=product/product&path=70&product_id=347,https://www.dlsite.com/books/work/=/product_id/BJ287339.html,https://exhentai.org/g/1717124/e3b24149a5/,cutelittledog,未知,cutelittledog重嵌
128,FDA-021,NO,BorderLine,BorderLine,BorderLine -情愛境界線-,茜新社,桐原湧,Kirihara You,2020-02-09,2020-03-19,https://www.dlsite.com/books/work/=/product_id/BJ228796.html,https://future-digi.com/index.php?route=product/product&path=70&product_id=357,https://www.dlsite.com/books/work/=/product_id/BJ287340.html,,,,
129,FDA-022,NO,ヘンな処女でもいいですか?,Hen na Ko demo Ii desu ka?,奇怪的處女也沒關係是嗎？,茜新社,薬味紅生姜,Yakumi Benishouga,2020-02-16,2020-04-14,https://www.dlsite.com/books/work/=/product_id/BJ228795.html,https://future-digi.com/index.php?route=product/product&path=70&product_id=361,https://www.dlsite.com/books/work/=/product_id/BJ287341.html,https://exhentai.org/g/1711742/6ceddfd8ea/,"18comics",未知,数字版疑似二压
130,FDA-023,NO,ヒトヅマライフ,Hitozuma Life - Married Woman Life,人妻體驗生活,茜新社,篠塚裕志,Shinozuka Yuuji,2016-03-19,2020-05-07,https://www.dlsite.com/books/work/=/product_id/BJ071775.html,https://future-digi.com/index.php?route=product/product&path=70&product_id=364,https://www.dlsite.com/books/work/=/product_id/BJ287342.html,https://exhentai.org/g/827087/4e7a0c8860/,uut,未知,数字版疑似二压
131,FDA-024,NO,アオラブ,Aolove,青葉之戀,茜新社,大空若葉,Oozora Wakaba,2020-03-28,2020-06-11,https://www.dlsite.com/books/work/=/product_id/BJ235098.html,https://future-digi.com/index.php?route=product/product&path=70&product_id=369,https://www.dlsite.com/books/work/=/product_id/BJ287343.html,https://exhentai.org/g/1712049/3a34ac5914/,"18comic",未知,数字版疑似DL
132,FDA-025,NO,望月血液研究所の娘,Mochizuki Ketsueki Kenkyuujo no Musume,望月血液研究所之女,茜新社,あやね,Ayane,2020-04-28,2020-07-09,https://www.dlsite.com/books/work/=/product_id/BJ239961.html,https://future-digi.com/index.php?route=product/product&path=70&product_id=378,https://www.dlsite.com/books/work/=/product_id/BJ287344.html,https://exhentai.org/g/1640668/1f7519d9f0/,x392,未知,数字版疑似杂志单话缝合
133,FDA-026,NO,快感遊戯録,Acme Game Catalog,快感遊戲錄,茜新社,灯ひでかず,Tomoshibi Hidekazu,2020-07-12,2020-08-11,https://www.dlsite.com/books/work/=/product_id/BJ245644.html,https://future-digi.com/index.php?route=product/product&path=70&product_id=380,https://www.dlsite.com/books/work/=/product_id/BJ287345.html,https://exhentai.org/g/1707391/e2fc0ce010/,"18comic",未知,数字版疑似未來數位扫本
134,FDA-027,NO,Bitter Sweet Teens,Bitter Sweet Teens,Bitter Sweet Teens -酸甜苦辣思春期-,茜新社,犬上いの字,Inukami Inoji,2020-07-12,2020-08-27,https://www.dlsite.com/books/work/=/product_id/BJ245640.html,https://future-digi.com/index.php?route=product/product&path=70&product_id=384,https://www.dlsite.com/books/work/=/product_id/BJ287346.html,https://exhentai.org/g/1717299/0ddc145f1a/,"18comic",未知,数字版疑似未來數位扫本
135,FDA-028,NO,JK・REFLE,JK-REFLE,JK．REFLE -少女的療癒-,茜新社,大嘘,Oouso,2020-08-01,2020-10-03,https://www.dlsite.com/books/work/=/product_id/BJ250127.html,https://future-digi.com/index.php?route=product/product&path=70&product_id=406,https://www.dlsite.com/books/work/=/product_id/BJ287347.html,https://exhentai.org/g/1845983/0b74a7b951/,,,
136,FDA-029,NO,キミの羞恥が可愛くて ～男の娘達のコンビネゾン～,Kimi no Shuuchi ga Kawaikute ~Otokonoko-tachi no Combination~,男孩紙的嬌羞是如此可愛,茜新社,七松建司,Nanamatsu Kenji,2020-08-01,2020-10-31,https://www.dlsite.com/books/work/=/product_id/BJ250899.html,https://future-digi.com/index.php?route=product/product&path=70&product_id=411,https://www.dlsite.com/books/work/=/product_id/BJ287348.html,https://exhentai.org/g/1797838/4814934b06/,"18comic",未知,数字版疑似未來數位扫本
137,FDA-030,NO,永世流転,Eiseiruten,永世流轉,茜新社,黒青郎君,Kokusei Roukun,2020-11-01,2020-10-31,https://www.dlsite.com/books/work/=/product_id/BJ263383.html,https://future-digi.com/index.php?route=product/product&path=70&product_id=413,https://www.dlsite.com/books/work/=/product_id/BJ287349.html,https://exhentai.org/g/1866032/04a492171d/,煉銅術士,未來數位DL,
138,FDA-031,NO,ふれてほしくて たまらない,Furete Hoshikute Tamaranai,想得到你的愛撫 已迫不及待,茜新社,消火器,Syoukaki,2020-09-01,2020-11-30,https://www.dlsite.com/books/work/=/product_id/BJ255314.html,https://future-digi.com/index.php?route=product/product&path=70&product_id=415,https://www.dlsite.com/books/work/=/product_id/BJ287350.html,,,,
139,IAH-057,YES,みだら ふしだら よもすがら,Midara Fushidara Yomosugara,好色女 通宵發情 淫靡的夜晚,GOT,みかわや,Mikawaya,2020-11-30,2021-01-18,https://www.dlsite.com/books/work/=/product_id/BJ266644.html,https://future-digi.com/index.php?route=product/product&path=70&product_id=425,https://www.dlsite.com/books/work/=/product_id/BJ287501.html,,,,电子版有水印/画质问题
140,FDA-032,NO,遠い君に、僕は届かない,"Tooi Kimi ni, Boku wa Todokanai - I can't reach you, far away.",君至彼方、已非吾能企及,茜新社,二峰跨人,Futamine Kobito,2020-11-01,2021-01-18,https://www.dlsite.com/books/work/=/product_id/BJ263384.html,https://future-digi.com/index.php?route=product/product&path=70&product_id=423,https://www.dlsite.com/books/work/=/product_id/BJ287502.html,https://exhentai.org/g/1923600/231152f4b3/,alfredmeow,未來數位DL,
141,FDA-033,NO,イジワルコネクト,Ijiwaru Connect,壞心眼的肉體接觸,茜新社,葵井ちづる,Aoi Tiduru,2020-11-01,2021-02-03,https://www.dlsite.com/books/work/=/product_id/BJ263386.html,https://future-digi.com/index.php?route=product/product&path=70&product_id=426,https://www.dlsite.com/books/work/=/product_id/BJ287503.html,,,,
142,FDH-056,NO,エチエチJK包囲網,Kirakira Joshi ga Enkou Uraaka JK ni Ochiru made,好色發情JK包圍網,ヒット出版社,環々唯,Kurata Muto,2021-02-16,2021-02-03,https://www.dlsite.com/books/work/=/product_id/BJ270985.html,https://future-digi.com/index.php?route=product/product&path=70&product_id=449,https://www.dlsite.com/books/work/=/product_id/BJ287506.html,,,,
143,WAN-003,NO,性女淫説,Seijo Insetsu,性女淫說,ワニマガジン社,けんじ,Kenji,2020-08-28,2020-10-03,https://www.dlsite.com/books/work/=/product_id/BJ255829.html,https://future-digi.com/index.php?route=product/product&path=70&product_id=407,https://www.dlsite.com/books/work/=/product_id/BJ287509.html,,,,
144,FDA-034,NO,おもいろは,Omoiroha,性春進行式,茜新社,かせい,Kasei,2020-12-15,2021-02-26,https://www.dlsite.com/books/work/=/product_id/BJ272970.html,https://future-digi.com/index.php?route=product/product&path=70&product_id=453,https://www.dlsite.com/books/work/=/product_id/BJ291883.html,,,,
145,FDA-035,NO,長寿戯画,Chojyu Giga,長壽戲畫,茜新社,びんせん,Binsen,2021-01-01,2021-03-18,https://www.dlsite.com/books/work/=/product_id/BJ274153.html,https://future-digi.com/index.php?route=product/product&path=70&product_id=457,https://www.dlsite.com/books/work/=/product_id/BJ291884.html,https://exhentai.org/g/1922920/aa4806265d/,煉銅術士,未來數位DL,
146,IAH-059,YES,悦楽の巫女,Etsuraku no Miko,悅樂的巫女,GOT,桃之助,Momonosuke,2020-09-30,2021-02-26,https://www.dlsite.com/books/work/=/product_id/BJ257680.html,https://future-digi.com/index.php?route=product/product&path=70&product_id=452,https://www.dlsite.com/books/work/=/product_id/BJ291885.html,https://exhentai.org/g/1922912/7ee4a3702f/,煉銅術士,未來數位DL,
147,IAH-060,YES,初恋時間。,Hatsukoi Jikan,初戀時間。,GOT,さいもん,Simon,2021-01-30,2021-03-18,https://www.dlsite.com/books/work/=/product_id/BJ277224.html,https://future-digi.com/index.php?route=product/product&path=70&product_id=454,https://www.dlsite.com/books/work/=/product_id/BJ291886.html,https://exhentai.org/g/1971921/71e820b69a/,tako_233,未來數位BW,截图
148,IAH-062,YES,不貞 with …,Futei with...,不貞 with… 特裝版,GOT,越山弱衰,Etuzan Jakusui,2021-03-25,2021-04-30,https://www.dlsite.com/books/work/=/product_id/BJ286424.html,https://future-digi.com/index.php?route=product/product&path=70&product_id=458,https://www.dlsite.com/books/work/=/product_id/BJ302972.html,https://exhentai.org/g/1967311/cc560eafb0/,nobodykkk,未來數位扫本,""
149,FDA-036,NO,愛しき我が家,Itoshiki Wagaya - My Beloved Home,我最心愛的家,茜新社,源五郎,Gengorou,2021-01-01,2021-04-30,https://www.dlsite.com/books/work/=/product_id/BJ274152.html,https://future-digi.com/index.php?route=product/product&product_id=459,https://www.dlsite.com/books/work/=/product_id/BJ302973.html,https://exhentai.org/g/1924460/98179eab07/,tako_233,未來數位BW,截图
150,IAH-063,YES,がーるずらっしゅ,Girls Rush,思春女子乳湧如潮,GOT,水平線,Suihei Sen,2021-02-28,2021-05-28,https://www.dlsite.com/books/work/=/product_id/BJ281329.html,https://future-digi.com/index.php?route=product/product&product_id=470,https://www.dlsite.com/books/work/=/product_id/BJ306583.html,https://exhentai.org/g/1853588/4d8c0cee6e/,篆儀通文書坊,日版扫本汉化,""
151,FDA-037,NO,プロトタイプロリータ,Prototype Lolita,試作型好色少女,茜新社,"40010試作型",Shimanto Shisakugata,2021-03-01,2021-05-28,https://www.dlsite.com/books/work/=/product_id/BJ282880.html,https://future-digi.com/index.php?route=product/product&product_id=474,https://www.dlsite.com/books/work/=/product_id/BJ306585.html,,,,
152,FDA-038,NO,メス少年完ペキ恋愛論,Mesu Shounen Kanpeki Renairon,女裝少年完美戀愛論,茜新社,チンズリーナ,Chinzurena,2019-06-27,2021-05-28,https://www.dlsite.com/books/work/=/product_id/BJ199218.html,https://future-digi.com/index.php?route=product/product&product_id=475,https://www.dlsite.com/books/work/=/product_id/BJ306586.html,,,,
153,IAH-065,YES,こころのこり,Kokoronokori - The Regret,新婚妻的眷戀,GOT,伊藤エイト,Itou Eight,2021-04-29,2021-05-28,https://www.dlsite.com/books/work/=/product_id/BJ289079.html,https://future-digi.com/index.php?route=product/product&product_id=476,https://www.dlsite.com/books/work/=/product_id/BJ306584.html,https://exhentai.org/g/1953717/6e5c9e8167/,K4W1H0R53,未來數位DL,""
154,FDH-058,NO,先輩達との学園生活,Senpai-tachi to no Gakuen Seikatsu,與學姐們共度的學園性活,ヒット出版社,左橋レンヤ,Sabashi Renya,2021-05-04,2021-05-28,https://www.dlsite.com/books/work/=/product_id/BJ284854.html,https://future-digi.com/index.php?route=product/product&product_id=477,https://www.dlsite.com/books/work/=/product_id/BJ306582.html,https://exhentai.org/g/1875540/69f8fcad0e/,qq3870990,新視界,
155,FDA-039,NO,年上の少女はお好きですか？,Tosiuenosyouzyohaosukidesuka?,年上的少女你也很喜歡吧？,茜新社,大嘘,Oouso,2021-05-01,2021-07-08,https://www.dlsite.com/books/work/=/product_id/BJ291234.html,https://future-digi.com/index.php?route=product/product&product_id=478,,,,,电子版未在DLSITE销售
156,IAH-066,YES,蕩けるカラダは乙女色,Torokeru Karada wa Otomeiro,為愛融化乃乙女本色,GOT,常磐緑,Tokiwa Midori,2021-03-21,2021-06-18,https://www.dlsite.com/books/work/=/product_id/BJ286418.html,https://future-digi.com/index.php?route=product/product&product_id=479,,https://exhentai.org/g/1832787/eee4ff95f8/,篆儀通文書坊,日版扫本汉化,电子版未在DLSITE销售
157,IAH-067,YES,サキュバスカンパニー,Succubus Company,魅魔精源開發公司,GOT,ShiBi,ShiBi,2021-03-25,2021-06-18,https://www.dlsite.com/books/work/=/product_id/BJ286423.html,https://future-digi.com/index.php?route=product/product&product_id=480,,https://exhentai.org/g/1892753/6cd0be20ec/,無邪気漢化,日版DL汉化,电子版未在DLSITE销售
158,IAH-068,YES,瀛州迷花録,Eishuu Meikaroku,瀛洲迷花錄,GOT,腐蝕,Fushoku,2021-04-29,2021-07-08,https://www.dlsite.com/books/work/=/product_id/BJ289082.html,https://future-digi.com/index.php?route=product/product&product_id=481,,https://exhentai.org/g/1951160/52bcb8452c/,篆儀通文書坊,日版DL汉化,电子版未在DLSITE销售
159,FDH-060,NO,僕のママ活,Boku no Mama Katu,我的媽媽活,ヒット出版社,あずきこ,Azukiko,2021-05-26,2021-06-18,https://www.amazon.co.jp/%E5%83%95%E3%81%AE%E3%83%9E%E3%83%9E%E6%B4%BB-%E3%82%BB%E3%83%A9%E3%83%95%E3%82%A3%E3%83%B3%E3%82%B3%E3%83%9F%E3%83%83%E3%82%AF%E3%82%B9-%E3%81%82%E3%81%9A%E3%81%8D%E3%81%93/dp/4894658631,https://future-digi.com/index.php?route=product/product&product_id=483,,https://exhentai.org/g/1967783/ef82728246/,artarsy,未來數位扫本,电子版未在DLSITE销售
160,FDH-059,NO,異世界転移した子供部屋おじさんがモテモテ主人公の取り巻き女全員をチ○ポ奴隷にしてやりました。,isekai Teni shita kodomobeya ozisan ga motemote syuzinkounotorimakionnazeninwochinpodoreinisiteyarimashita,異世界轉移的家裡蹲歐吉桑把帥哥勇者隊伍中的所有女性成員調教成為後宮奴隸了。,ヒット出版社,無洗米,Musenmai,2021-03-24,2021-06-18,http://www.hitpub.com/aun/contents/?p=1699,https://future-digi.com/index.php?route=product/product&product_id=484,,,,未來數位BW,截图
161,IAH-061,YES,アネットさんとリリアナさん,ANNET & LILIANA Shokaiban,安妮特與莉莉安娜 ～STANDARD EDITION～,GOT,葵渚,Aoi Nagisa,2020-06-30,2021-02-26,https://www.dlsite.com/books/work/=/product_id/BJ246478.html,https://future-digi.com/index.php?route=product/product&path=70&product_id=451,,https://exhentai.org/g/1756708/e490fcf67c/,thunder工房,未來數位扫本,电子版未在DLSITE销售
162,IAH-025,NON-H,乙姫ダイバー 1,Otohime Diver 1,乙姬潛水士 第一集,ジーオーティー,袁藤沖人,Endou Okito,2018-11-14,2019-01-25,https://www.amazon.co.jp/%E3%80%90%E5%88%86%E5%86%8A%E7%89%88%E3%80%91%E4%B9%99%E5%A7%AB%E3%83%80%E3%82%A4%E3%83%90%E3%83%BC-1-MeDu-COMICS-%E8%A2%81%E8%97%A4%E6%B2%96%E4%BA%BA-ebook/dp/B07K65Z4KK,https://future-digi.com/index.php?route=product/product&path=70&product_id=282,,https://exhentai.org/g/1364095/b895d44987/,天鹅之恋,日版扫本汉化,电子版未在DLSITE销售
163,FDH-030,NO,コイワズライ,Koi Wazurai,愛戀相思病,ヒット出版社,稲戸せれれ,Inato Serere,2018-09-04,2018-09-27,https://www.dlsite.com/books/work/=/product_id/BJ158711.html,https://future-digi.com/index.php?route=product/product&path=70&product_id=269,,https://exhentai.org/g/1261463/b6d70faba8/,"4K扫图组",新視界,未在DLSITE销售
164,FDA-005,YES,ツリメス,Tsurimesu,傲慾女子,茜新社,ともつか治臣,Tomotsuka Haruomi,2017-01-08,2016-10-14,https://www.dlsite.com/books/work/=/product_id/BJ100886.html,https://future-digi.com/index.php?route=product/product&path=70&product_id=213,,https://exhentai.org/g/1076884/4f87118bea/,KEYLUN,新視界,电子版未在DLSITE销售
165,IAH-058,ARTBOOK,HOT LIMIT 2020,HOT LIMIT 2020,HOT LIMIT 2020 畫冊,GOT,GOT,GOT,2021-02-03,2021-03-26,https://www.dlsite.com/books/work/=/product_id/BJ266639.html,https://future-digi.com/index.php?route=product/product&product_id=448,,,,,电子版未在DLSITE销售
166,IAH-017,NON-H,ぱらのいあけ〜じ 1,Paranoia Cage 1,情色妄想象牙塔 1,GOT,クール教信者,Cool Kyou Shinja,2016-04-08,2017-04-06,https://www.dlsite.com/comic/work/=/product_id/BJ077398.html,https://future-digi.com/index.php?route=product/product&path=70&product_id=231,https://www.dlsite.com/comic/work/=/product_id/BJ276878.html/?locale=zh_TW,,,,电子版未在DLSITE销售
167,FDA-040,NO,おっぱいな夏休み,Oppai na Natsuyasumi - Summer Vacation With Oppai,乳香四溢的暑假,茜新社,東野みかん,Higashino Mikan,2021-04-15,2021-07-30,https://www.dlsite.com/books/work/=/product_id/BJ288638.html,https://future-digi.com/index.php?route=product/product&path=70&product_id=487,,,,,电子版未在DLSITE销售
168,IAH-069,YES,恋乳オーダー～おかわり～,Rennyu Order ~Refill~,戀乳私房特注～再來一份～,GOT,黒ノ樹,Kuronomiki,2021-04-29,2021-07-30,https://www.dlsite.com/books/work/=/product_id/BJ289080.html,https://future-digi.com/index.php?route=product/product&path=70&product_id=488,,,,,电子版未在DLSITE销售
169,FDH-061,NO,ハーレムメイドのダメダメ・えっち,Haremu Meido No Damedame Etchi,我與後宮女僕們♥不可告人的情事,ヒット出版社,ハチゴ,Hachigo,2020-02-28,2021-07-30,https://www.dlsite.com/books/fsr/=/keyword_work_name/%22%E3%83%8F%E3%83%BC%E3%83%AC%E3%83%A0%E3%83%A1%E3%82%A4%E3%83%89%E3%81%AE%E3%83%80%E3%83%A1%E3%83%80%E3%83%A1+%E3%81%88%E3%81%A3%E3%81%A1%22+TITLE00058202/order/title_d/from/work.titles,https://future-digi.com/index.php?route=product/product&path=70&product_id=489,,,,,电子版未在DLSITE销售
170,WAN-001,NON-H,快楽ヒストリエ 1,Kairaku Historie 1,快樂天歷史漫談1,ワニマガジン社 ,火鳥,Hitori,2018-01-20,2020-08-25,https://www.dlsite.com/comic/work/=/product_id/BJ138581.html,https://future-digi.com/index.php?route=product/product&path=70_104&product_id=386,https://www.dlsite.com/comic/work/=/product_id/BJ287507.html,https://exhentai.org/g/1941334/603d85acbe/,tako_233,未來數位DL,
171,WAN-002,NON-H,快楽ヒストリエ 2,Kairaku Historie 1,快樂天歷史漫談2,ワニマガジン社 ,火鳥,Hitori,2018-12-21,2020-10-15,https://www.dlsite.com/comic/work/=/product_id/BJ177430.html,https://future-digi.com/index.php?route=product/product&path=70_104&product_id=403,https://www.dlsite.com/comic/work/=/product_id/BJ287508.html,https://exhentai.org/g/1941344/4a2ae64174/,tako_233,未來數位DL,
172,FDA-041,NO,故郷の珠婆様,Kokyou no Tama Baa-sama,故鄉的阿珠婆,茜新社,	毒茸人,Dokukinokojin,2021-07-01,2021-07-30,https://www.dlsite.com/books/work/=/product_id/BJ304900.html,https://future-digi.com/index.php?route=product/product&path=70&product_id=490,,,,,电子版未在DLSITE销售
173,IAH-070,YES,若妻ざかり,Wakazuma Zakari,若妻花滿開,GOT,綾枷ちよこ,Ayakase Chiyoko,2019-04-25,2021-08-20,https://www.dlsite.com/books/work/=/product_id/BJ192453.html,,https://future-digi.com/index.php?route=product/product&path=70&product_id=493,https://exhentai.org/g/1402453/627a29e174/,"4K扫图组",新視界,
174,IAH-071,YES,Garden,Garden,Garden ＜戀乳花園＞ 特裝版,GOT,黒ノ樹,Kuronomiki,2021-05-27,2021-08-20,https://www.dlsite.com/books/work/=/product_id/BJ293909.html,https://future-digi.com/index.php?route=product/product&path=70&product_id=494,"",https://exhentai.org/g/1956895/7b0090d684/,篆儀通文書坊漢化,日版扫图,
