"ID","CENSORED","TITLE_JP","TITLE_CN","PUBLISHER","AUTHOR","DATE","DATE_PUBLISHER","LINK_JP","LINK_PUBLISHER","COMMENT","SERIES","SERIES_ID","PRICE","PAGE","EH","UPLOADER","SOURCE","QUOTE"
GWA-001,NO,放課後は冒険の時間,下課後的性冒險時間,ワニマガジン社,Pennel,"2020-07-15","2021-05-31",https://www.wani.com/product/4862697208/,https://www.gman.com.tw/archives/624,"Pennel老師描繪那屬於青春的物語，
收入無修正版『普通的關係』等10個小故事。

學生會長與副會長某天下課後，
在社辦聊天時，不經意聊到色色的事，
雖然沒有心理準備，但就像是磁鐵一樣，
一但靠近就會緊緊的吸在一起。
而一但開始了，就再也停不下來……",,,220,"176/3",https://exhentai.org/g/1925018/b35224d1c3/,"81fdb451",KOBO,
GWA-002,NO,あまえたがり,就是愛撒嬌,ワニマガジン社,桃月すず,"2013-08-30","2021-05-31",https://www.wani.com/product/4862692648/,https://www.gman.com.tw/archives/646,"色氣滿滿的無修正合集!!

小優一直喜歡同學的姊姊，但自從對她告白之後，
就再也沒有機會見面說話，直到有天發現，
她拒絕的理由只因她年紀稍長，
小優再也無法忍耐……決定把她推倒，
沒想到卻被反攻，直接在她的嘴裡……",,,220,"213/3",https://exhentai.org/g/1973039/22764faea5/,K4W1H0R53,KOBO,
GWA-003,NO,純情ラブパンチ,純愛啪啪啪,ワニマガジン社,kakao,"2015-05-30","2021-07-23",https://www.wani.com/product/4862693687/,https://www.gman.com.tw/archives/652,"莫非你想玩弄我的身體當作遮口費……!?
好吧，我只好隨你擺佈了…!!
欸──!? 這是什麼狀況!?

與朋友相約一起逛祭典的大輝，
沒想到對方居然帶了兩位女生過來。
讓上男校的大輝終於迎來了春天，
身為土豪女兒的大宮茉莉雖然可愛但個性超級傲嬌，
讓大輝難以招架。無意間，大輝居然發現了茉莉內褲裡的秘密……
集結Kakao老師在雜誌連載的12部作品，
滿滿溢出的色氣＋無修正內容實在不容錯過。",,,220,"217",,,,
GWA-004,NO,オトナになりたい…,想要和你轉大人,ワニマガジン社,もず,"2020-06-30","2021-07-23",https://www.wani.com/product/4862697151/,https://www.gman.com.tw/archives/669,"青梅竹馬的芳樹與司司小時候感情很好，不只一起玩耍還一起洗澡。
但在芳樹考上大學離開老家，接著畢業、就職……就再也沒回來。
多年後，芳樹終於回來了……看見多年不見的司司，
變得亭亭玉立，忍不住怦然心動。
就在芳樹要洗澡的時候，司司也跟著進來……

芳樹哥哥這邊變得好大喔！
等…等一下！啊、含到嘴裡了！

集結Mozu老師「萌芽的夏日」等無修正10部短編作品，令人心跳加速的青春物語。",,,220,"179/1",https://exhentai.org/g/2278983/105bb4413a/,LzNO_Hentai,KOBO,
GWA-005,NO,なかだしストライク!,內射直球對決！,ワニマガジン社,kakao,"2019-11-29","2021-08-25",https://www.wani.com/product/4862696783/,https://www.gman.com.tw/archives/690,"用無套性愛告別童貞，一口氣讓妳高潮到底♥
Kakao老師筆下獨特女主角們的淫亂性愛!!
純情的紅髮辣妹、與護士小姐的3P性冒險、冒失衝浪手、援交淫魔、
愛吃醋的女生、眼鏡美女上司、反覆無常的離家少女、美腿學姊等……
總計10話的無修正超實用作品!!",,,220,"201",https://exhentai.org/g/2278993/3e30af44ae/,虚言卿,BW,
GWA-006,NO,潜熱,潛熱,ワニマガジン社,Pennel,"2016-06-01","2021-08-25",https://www.wani.com/product/4862694292/,https://www.gman.com.tw/archives/680,"隱藏在內心之下，無法止住的情慾
少女的慾火在不知不覺間被悄悄地點燃──
Pennel老師描繪少女情竇初開的處女作品集!!
除收入在日本雜誌連載的作品外，加入全新繪製2話作品，總計13話
按捺不住衝動的懷春Story!!",,,220,"213/3",https://exhentai.org/g/2154112/29068261ef/,K4W1H0R53,KOBO,
GWA-007,NO,発情ラビッツ,動情騷兔,ワニマガジン社,SAVAN,"2020-05-29","2021-09-24",https://www.wani.com/product/4862697119/,https://www.gman.com.tw/archives/942,"唸大學的小安，雖然長相斯文乖巧，但卻有個不為人知的煩惱——「那個」尺寸太大難以性交……
某日到熟識的藥局找老闆商談，
但店內只剩老闆的女兒廣美小姐，超好奇的她為了驗證小安沒有說謊，一把撲向了小安……
共收入SAVAN老師巧筆下的9話故事，令人欲罷不能！",,,220,"179/1",https://exhentai.org/g/2278643/f5ba8da7f5/,K4W1H0R53,KOBO,
GWA-008,NO,おんなのこのにく,花樣少女的魅肉,ワニマガジン社,いつつせ,"2020-11-30","2021-11-19",https://www.wani.com/product/4862697488/,https://www.gman.com.tw/archives/1205,"初步的女友繪由是話劇社社長，除了演戲之外幾乎是毫無表情。
不管是當初和她告白，坐雲霄飛車、看催淚電影時，甚至做愛都一樣。
就算覺得舒服但臉上反應卻還是很冷淡！連繪由自己也是苦惱不已。

某天異想天開的初步想要藉由演戲來讓繪由展現情緒。
卻讓繪由意外的挖掘出了那個色色的自己。

收入いつつせ老師筆下的奇耙無修正故事8話。
讓你欲罷不能。",,,220,"181/5",https://exhentai.org/g/2065921/1040af979d/,K4W1H0R53,READMOO,
GWA-009,NO,好き好きマシンガン!,愛上內射機關槍!,ワニマガジン社,kakao,"2017-05-31","2021-11-19",https://www.wani.com/product/4862694942/,https://www.gman.com.tw/archives/960,"小時候時常陪我玩的小菫姊，自從我和父母搬家後，就再也沒見過面。
過了幾年到東京讀大學的我與小菫姊重逢，
沒想到她竟然變成了那麼大的巨乳!!今天她答應要來我家玩，
我一定要展開攻勢，傳達我多年的心意!!
根據我對小菫姊多年的認識。她就是人太好，
一被拜託就無法拒絕…
所以我要拜託她○○，然後再拜託她××。
最後再拜託她△△！這個計畫實在太棒了！
收入Kakao老師精彩無修正11話作品。",,,220,"219/9",https://exhentai.org/g/2112769/3c40c2b413/,K4W1H0R53,READMOO,
GWA-010,NO,トロラヴァ♡,沈浸魚水之歡的戀人,ワニマガジン社,SAVAN,"2017-04-29","2021-12-30",https://www.wani.com/product/4862694861/,https://www.gman.com.tw/archives/1216,"口交、吸奶、舔乳與內射中出。
SAVAN老師筆下美麗畫風
與令人目不轉睛欲罷不能的無修正版本
挑逗情慾的12個故事。",,,220,"219",https://exhentai.org/g/2103655/bb5cd49928/,K4W1H0R53,READMOO,
GWA-011,NO,あまとろ性活,蜜糖般的性活,ワニマガジン社,ユズハ,"2020-09-30","2021-12-30",https://www.wani.com/product/4862697356/,https://www.gman.com.tw/archives/1230,"高木和倉田是一起打工的同事，
某日各自帶了自己的女友一同出遊烤肉。
半夜睡不著的高木溜出木屋去抽煙，
沒想到倉田的女友夕子跟著過來。
兩個人無意間聊起了私密話題……",,,220,"183/2",https://exhentai.org/g/2103605/1f7ff2e235/,K4W1H0R53,READMOO,
GWA-012,NO,スイートデイズ,甜蜜榨汁日常,ワニマガジン社,SAVAN,"2018-11-30","2022-01-24",https://www.wani.com/product/4862696007/,https://www.gman.com.tw/archives/1243,"朝倉京子是大島的前輩兼上司，雖然比男人還強悍，
但卻有著精緻的美貌與誘人的身材。
工作能力超強，深受大家喜愛，連大島也是偷偷愛慕著她
某日加班的深夜的兩人，京子突然問了大島：
「從大島的角度來看︱我是怎麼樣的女人？」

咦咦咦咦!?這到底是什麼意思啊？
朝倉前輩!!
難道我有機會了～～～～

收錄SAVAN老師11個
美麗畫風的作品與
一個極短編。",,,220,"193/8",https://exhentai.org/g/2123297/ba79bde89a/,K4W1H0R53,READMOO,
GWA-013,NO,ばっびゅ~ばびゅばびゅ♥,噗咻噗咻潮水四濺,ワニマガジン社,いつつせ,"2018-11-30","2022-01-24",https://www.wani.com/product/4862696023/,https://www.gman.com.tw/archives/1258,"真下的女友～原宮美月是學校的萬人迷，
不只是學生會會長還有出眾的外貌
但是她一本正經的外表下，卻是性慾驚人的變態！
除了強迫真下戴上貞操套禁慾一個月之外，
自己也穿上貞操帶⋯⋯她究竟是⋯⋯？
いつつせ老師讓你一睹無套內射
欲罷不能的連環中出無修正超實用作品。",,,220,"183",https://exhentai.org/g/2124417/292ceb1b66/,K4W1H0R53,READMOO,
GWA-014,NO,性春は君のナカ♥,在妳體內綻放的性春♥,ワニマガジン社,荒巻越前,"2021-05-31","2022-02-25",https://www.wani.com/product/4862697828/,https://www.gman.com.tw/archives/1270,"好不容易和館花交往了，
雖然身邊的人（主要是女生）不停說三道四的。
不過我也是非常珍惜與館花之間的關係。
我得把自己好色的一面封印。
但館花怎麼帶我往奇怪的地方去？

哦，這不是賓館嘛。
館、館花…!?妳今天怎麼怪怪的？
有嗎？其實我對色色的事也很有興趣喔。
像玩後庭或是子宮頸開發…還有射精管理也想試試…
咦？～～～～",,,220,"173",,Lzno_Hentai,BW,
GWA-015,NO,まん♡ぴく,粉紅蜜處,ワニマガジン社,八尋ぽち,"2016-11-20","2022-02-25",https://www.wani.com/product/4862694594/,https://www.gman.com.tw/archives/1280,"畢業典禮那天一對姐妹同時對男主告白了！
不知要選誰的他同時和姐妹交往，
一直都三P的情況下，
姊姊小渚與妹妹芹那兩個人打賭，
這次段考分數差的要禁慾一週，不能與學長做愛，
而且要看著對方與學長做。
這麼折磨的賭法究竟是誰贏了？
八尋ぽち老師筆下無修正故事11話！",,,,"212",https://exhentai.org/g/2154072/6bd5e876e3/,K4W1H0R53,READMOO,
GWA-016,NO,ちゅぱ♡シャワー,噗啾♥愛浴,ワニマガジン社,八尋ぽち,"2014-10-30","2022-03-25",https://www.wani.com/product/4862693350/,https://www.gman.com.tw/archives/1301,"和妻子結婚多年，各式的性愛都試過了
但她就是無感，我懷疑她就是性冷感……
但當初離家念高中住宿的小姨子長大後突然搬回來住了～
性感誘人的小姨子小時候最喜歡在我耳邊說悄悄話，說也要嫁給我，
一想到這我竟忍不住伸手……",,,,"209",,,,
GWA-017,NO,どぴゅあ,超純情少女,ワニマガジン社,八尋ぽち,"2021-06-30","2022-03-25",https://www.wani.com/product/4862697895/,https://www.gman.com.tw/archives/1290,"一直給人乖巧害羞印象的環奈，
是同學們眼中的純情偶像，
在其保守端莊的制服下，
其實連內衣都沒穿，
還忍不住拉著男友在學校裡色了起來！",,,,"197",,,,
GWA-018,NO,ぱこはめぱーてぃー！,與人連結的啪啪派對,ワニマガジン社,秋白秋乃,"2021-04-30","2022-04-25",https://www.wani.com/product/4862697771/,https://www.gman.com.tw/archives/1322,"一群奇葩JK美少女的性愛派對，
有著各式各樣的性愛招式令人大開眼界。
不管是3P、玩具還是後庭，
只要能爽到升天的都來者不拒。
在日本漫畫雜誌上連載，有著戀物癖的秋白秋乃老師的初次單行本。",,,,"177",https://exhentai.org/g/2208919/1d72c2c52f/,moesnow,BW,
GWA-019,NO,ここでシちゃお,在這裡愛愛吧,ワニマガジン社,塩おにんこ,"2021-05-06","2022-04-25",https://www.wani.com/product/4862697763/,https://www.gman.com.tw/archives/1311,"只要有愛，
什麼地點……都沒關係吧
在樹林裡、社辦裡、野外還有家裡。
無法抑止的慾望一但湧上，只要不被打擾，哪裏都可以……
塩おにんこ老師筆下的甜膩緊貼愛愛無修正內射全8篇。",,,,"179",https://exhentai.org/g/2208920/c74bfa6aa2/,moesnow,BW,
GWA-020,NO,初恋より気持ちいい,比初戀更舒服的事,ワニマガジン社,えーすけ,"2019-04-30","2022-05-25",https://www.wani.com/product/4862696341/,https://www.gman.com.tw/archives/1338,"讓理性發狂的魅惑肉體關係
收錄以激烈描寫為主的禁忌系故事，讓人一讀再讀的無修正8篇作品。
請盡情享受飛散的潮吹愛液，以及淫靡的嬌聲。",,,220,"195",,,,
GWA-021,NO,ひみチュッ,祕密啾,ワニマガジン社,八尋ぽち,"2019-04-26","2022-06-24",https://www.wani.com/product/4862696376/,https://www.gman.com.tw/archives/1349,"從小就和健太還有他的妹妹乃蒼玩在一起。
昨天乃蒼知道我被同學告白後，
就不斷的故意各種撩我……
明明就知道我絕對不會對她出手……
但今天她特別不一樣……
主動的快要讓我招架不住了！

八尋ぽち老師的極致妄想之作，
在不能做愛的時候秘密做！
無修正收藏！",,,220,"219",,,,
GWA-022,NO,はめぺろ,狂抽猛送,ワニマガジン社,八尋ぽち,"2013-06-30","2022-07-25",https://www.wani.com/product/4862692559/,,"老師要我去叫雅美學姊。
但正在家政教室做巧克力的她
雙手正忙著攪拌無法分心。
看著她隨著雙手攪拌而晃動的胸部。
心癢難耐的我實在忍不住了……
雖然學姊嘴上說著不要，但身體卻很誠實～～

八尋ぽち老師的無修正超色氣之作。",,,220,"202",,,,
GWA-023,NO,退廃ユーフォリア,墮落性沉淪派對,ワニマガジン社,武将武,"2016-12-18","2022-08-27",https://www.wani.com/product/4862694691/,,"因為寂寞所以感到空虛，
而空虛就需要被填滿。
是非對錯已經完全混亂！
就讓我們一起沉淪，
淫亂的性派對徹夜狂歡！

描繪青澀果實墮落之喜悅的
武將武老師無修正作品。",,,220,"210",https://exhentai.org/g/2322469/6347efaf7a/,moesnow,BW,
GWA-024,NO,エゴイスティック ヴィーナス,喜愛壞壞啪啪的維納斯,ワニマガジン社,武将武,"2021-04-15","2022-09-25",https://www.wani.com/product/486269778x/,,"為了幫助學園祭的道具完成，高橋同學留校幫忙
無意間卻發現表面上看起來文靜、膽小的班長楠木，
居然是愛吸煙又吸精的非處女……
一想到平時看起來這麼乖巧的女孩，
現在卻對著他張開大腿，無套進入……
興奮的再也控制不住……

和上一本描繪青澀果實墮落的青春故事不同
充滿黑暗與情慾的無修正作品。",,,,,https://exhentai.org/g/2370283/a154fd4de3/,moesnow,BW,
GWA-025,NO,生ハメ えくすとりーむ,無套性愛直播,ワニマガジン社,島津鉄甲,"2021-03-10","2022-10-25",https://www.wani.com/product/4862697720/,,"與知性的空服員、強硬的學生會長
還有多情的馬尾少女、莽撞的大小姐等
巨乳翹臀的淫亂女孩們無套中出
島津鉄甲老師的無修正作品
超強色氣不容錯過！",,,,,https://exhentai.org/g/2370285/cf48a4f4ce/,moesnow,BW,
TAK-001,YES,過ち、はじめまして。 1,無法抗拒的誘惑(01),竹書房,色白好,"2012-10-27","2020-01-23",http://www.takeshobo.co.jp/book_d/shohin/2536401,https://www.gman.com.tw/archives/78,"朝雛清代美以清純及美貌聞名於校園。

對她抱有好感的吉田，

在夜晚四下無人的研究室目擊她與教授的外遇現場

隔天向朝雛表白的吉田，竟被朝雛帶到愛情賓館……。

「我要讓吉田同學，體驗跟我一樣的感受──」","","",200,"197","","","",""
TAK-002,YES,女主任・岸見栄子 1,俏麗女主任的肉體色誘戰術行得通嗎？(01),竹書房,小武,"2017-03-17","2020-01-23",http://www.takeshobo.co.jp/book_d/shohin/2808001,https://www.gman.com.tw/archives/12,"竹六股份有限公司的異端單位‧總務部第三課，其實身負著無法搬上檯面的重大任務…！

為了與那些擁有特殊喜好的客戶談判、簽約，奉深藏不露的精明課長椎名之命──

小女子不才。女主任‧岸見榮子，「今天也要脫光光囉～♡」","","",200,"171","","","",""
TAK-003,YES,女主任・岸見栄子 2,俏麗女主任的肉體色誘戰術行得通嗎？(02),竹書房,小武,"2017-10-17","2020-01-27",http://www.takeshobo.co.jp/book_d/shohin/2808002,https://www.gman.com.tw/archives/267,"竹六股份有限公司總務部第３課的岸見榮子，
是位運用肉體進行色色業務接待、
暗中幫部門敲定合約的天然系桃色陷阱師♡
與精明課長、巨乳ＯＬ還有悶騷系統工程師合力，

小女子不才。女主任‧岸見榮子，
今天也要脫個精光囉♡","","",200,"166","","","",""
TAK-004,YES,過ち、はじめまして。 2,無法抗拒的誘惑(02),竹書房,色白好,"2013-07-05","2020-03-02",http://www.takeshobo.co.jp/book_d/shohin/2536402,https://www.gman.com.tw/archives/214,"與大學教授外遇的朝雛清代美，

和吉田持續著僅止於肉體的關係，

但吉田對這種無法成為戀人的關係產生厭倦。

同時，打工同事的井上芹菜開始對吉田示好，

吉田也慢慢被她直率的心意吸引。

然而暑假一結束，朝雛和教授的外遇醜聞在校園中爆發出來……。

刻畫出戀愛最真實面貌的戀愛劇，堂堂完結！！","","",200,"198","","","",""
TAK-005,YES,ネトラセラレ 1,NTR老公要求別人玩弄我(01),竹書房,色白好,"2014-07-26","2020-03-25",http://www.takeshobo.co.jp/book_d/shohin/2544101,https://www.gman.com.tw/archives/1,"結婚第二年的伊澄秀次郎和春花，

是人人稱羨的理想夫妻。

雖然兩人看似幸福，並彼此相愛著。

不過某一天，秀次郎向春花吐露他

隱藏已久的暗黑慾望。

「我想看妳被別的男人上──」！","","",200,"198","","","",""
TAK-006,YES,女主任・岸見栄子 3,俏麗女主任的肉體色誘戰術行得通嗎？(03),竹書房,小武,"2018-08-07","2020-03-25",http://www.takeshobo.co.jp/book_d/shohin/2808003,https://www.gman.com.tw/archives/280,"竹六股份有限公司總務部第３課的女主任‧岸見榮子，

是位暗中幫部門敲定合約的天然系桃色陷阱師♥

在可靠過人的巨乳妹以及好色系統工程師輔佐之下，

今天也要好好活動身體，

達成課長發布下來的性感機密任務♥♥","","",200,"166","","","",""
TAK-007,YES,ネトラセラレ 2,NTR老公要求別人玩弄我(02),竹書房,色白好,"2015-07-27","2020-04-25",http://www.takeshobo.co.jp/book_d/shohin/2544102,https://www.gman.com.tw/archives/181,"結婚第二年後，丈夫秀次郎要求妻子春花和其他男人做愛。

某一天，春花高中時期的戀人．高倉，出現在兩人面前。

「下次我想…跟高倉學長做──」","","",200,"198","","","",""
TAK-008,YES,女主任・岸見栄子 4,俏麗女主任的肉體色誘戰術行得通嗎？(04),竹書房,小武,"2019-04-26","2020-04-25",http://www.takeshobo.co.jp/book_d/shohin/2808004,https://www.gman.com.tw/archives/298,"竹六股份有限公司總務部第３課的女主任‧岸見榮子，

是位暗中幫部門敲定合約的天然系桃色陷阱師♡

奉深藏不露的精明課長椎名之命，

與巨乳ＯＬ布丁、悶騷系統工程師及菜鳥打工妹通力合作，

誠心誠意地滿足每位客戶的性癖好♡","","",200,"166","","","",""
TAK-009,YES,女主任・岸見栄子 5,俏麗女主任的肉體色誘戰術行得通嗎？(05),竹書房,小武,"2020-03-13","2020-11-05",https://www.takeshobo.co.jp/book_d/shohin/2808005,"","竹六股份有限公司總務部第３課的女主任．岸見榮子，
是位暗中幫部門敲定合約的天然系桃色陷阱師♥
有時需要賭上公司命運和駭客談判，
有時又會突然被客戶求婚……!?

小女子不才。女主任．岸見榮子，只要脫衣、萬事搞定♡","","",200,"164","","","",""
TAK-010,YES,ネトラセラレ 3,NTR老公要求別人玩弄我(03),竹書房,色白好,"2016-07-27","2020-05-28",http://www.takeshobo.co.jp/book_d/shohin/2544103,https://www.gman.com.tw/archives/200,"被老公秀次郎要求和其他男人上床的春花，

決定下一個對象是高中時期的戀人・高倉。

看著兩人的行為，秀次郎感受到強烈的嫉妒及興奮，

最後春花終於提出了離婚協議書…！

但秀次郎卻大聲宣言不會離婚也不會停止讓她跟別人做愛。

甚至將對象升級成自己的朋友──。","","",200,"200","","","",""
TAK-011,YES,ペンと彼女と甘い罠（1）,畫筆下的性愛潛規則(01),竹書房,宮原歩,"2017-11-07","2020-05-28",http://www.takeshobo.co.jp/book_d/shohin/2552201,https://www.gman.com.tw/archives/363,"隱藏在漫畫業界下的情色關係♥

從事編輯的藤田傾心於同事佐伯，

卻一時起歪念對自己負責的作家奈奈繪出手。

同時，他又和成為少女漫畫家的青梅竹馬秋山再會…。

以漫畫業界為舞台的色情職場故事就此爆發!!","","",180,"162","","","",""
TAK-012,YES,ペンと彼女と甘い罠（2）,畫筆下的性愛潛規則(02),竹書房,宮原歩,"2018-04-27","2020-05-28",http://www.takeshobo.co.jp/book_d/shohin/2552202,https://www.gman.com.tw/archives/377,"與青梅竹馬漫畫家・秋山再會的編輯藤田，

決定接受她的建議追求同事佐伯，

卻又和秋山維持著砲友關係。

而喜歡上藤田的漫畫家奈奈繪，卻誤以為是秋山勾引藤田…？

泥沼般的情愛糾葛，終於迎向結局!!","","",200,"194","","","",""
TAK-013,YES,昼下がり、妻の事情。,人妻們的那些不可告人之事,竹書房,東タイラ,"2018-07-27","2020-06-25",http://www.takeshobo.co.jp/book_d/shohin/2553501,https://www.gman.com.tw/archives/226,"平凡無趣，是一切情事的開端……
某個位於郊外的住宅區，
住在那裡的人妻們無從宣洩日積月累的性慾，
最後她們決定，沉溺於與老公以外的
男人間的情事……","","",200,"130",https://exhentai.org/g/2135126/48c8cad32c/,LzNO_Hentai,BW,""
TAK-014,YES,いやらしはずかし。,淫糜的青澀戀歌,竹書房,朝森瑞季,"2017-07-18","2020-06-25",http://www.takeshobo.co.jp/book_d/shohin/2551601,https://www.gman.com.tw/archives/343,"青澀又突然的戀曲！

讓人臉紅心跳的體驗。

充滿男人夢寐以求之戀愛情境的愛情，就這樣莫名其妙的展開！","","",180,"162",https://exhentai.org/g/2211300/8034c09ec8/,moesnow,BW,""
TAK-015,YES,花めく妻は脱がされたい,豔麗人妻渴望寬衣解帶,竹書房,東タイラ,"2018-03-07","2020-07-25",http://www.takeshobo.co.jp/book_d/shohin/2553001,https://www.gman.com.tw/archives/322,"雖然結婚了還是有點寂寞……

剛失戀的英二，在玫瑰花園裡拍攝花朵，無意間將一旁的人妻入鏡。

你要確認看看嗎？我的裙子裡面到底是什麼樣子？

是一場豔遇還是仙人跳？

都市裡無法言喻的美妙關係！","","",180,"163",https://exhentai.org/g/1728690/c19ea3a97a/,wang90820,BW,""
TAK-016,YES,おっパラダイスは診療中 (1),巨乳樂園診療中(01),竹書房,藤坂空樹,"2018-02-27","2020-07-25",http://www.takeshobo.co.jp/book_d/shohin/2552801,https://www.gman.com.tw/archives/499,"光是輕輕觸碰到，就再也無法壓抑心中的興奮…
擁有光是摸奶就能讓護士們不停高潮的神之手的主角，（為了尋找恩人）
在充滿美乳的綜合醫院
瘋狂搓揉＆撫摸＆玩弄酥胸！！！！！！","","",180,"167/5",https://exhentai.org/g/1986432/485da92ddf/,K4W1H0R53,KOBO,""
TAK-017,YES,おっパラダイスは診療中 (2),巨乳樂園診療中(02),竹書房,藤坂空樹,"2018-09-27","2020-07-25",http://www.takeshobo.co.jp/book_d/shohin/2552802,https://www.gman.com.tw/archives/511,"過去只要摸過一次胸部就不會忘記，
但這次碰到涼花小姐就失靈。
到底是宗形的特殊技能失效還是有別的原因，
柔柔軟軟的巨乳樂園第二集完結。","","",170,"134",https://exhentai.org/g/1986433/bf43ace68b/,K4W1H0R53,KOBO,""
TAK-018,YES,エロカワ彼女の性衝動,性感可愛女友的性衝動,竹書房,宮原歩,"2018-07-17","2020-10-15",http://www.takeshobo.co.jp/book_d/shohin/2553301,https://www.gman.com.tw/archives/561,"隱藏在表面下的欲望滿溢而出！
長得漂亮工作能幹又可靠的葵學姐，
與態度謙虛對人體貼的紳士高村。
兩人雖然順利開始交往，
但彼此平常表面上的樣子，
原來卻和自己真正的本性差很多!?","","",200,"194","","","",""
TAK-019,YES,淫らな卒業ボディ ～初めてのカラダあげます～,幫我破處的淫蕩肉體 ～煩請收下我的第一次～,竹書房,志峨丘トウキ,"2018-07-27","2020-12-25",http://www.takeshobo.co.jp/book_d/shohin/2553401,https://www.gman.com.tw/archives/603,"好想要快點脫魯！
真想趕快盡情做愛！
成為大學生的耕作，
下定決心在三個月後的生日之前破處。
女大學生、打工的大姊姊、
運動系女子，以及隔壁的青梅竹馬…。
究竟是誰能幫耕作轉大人呢!?","","",170,"132",https://exhentai.org/g/2211299/33ff74753b/,moesnow,BW,""
TAK-020,YES,泥棒猫はカノジョの始まり,當小三是轉正宮的開始,竹書房,サイトウヤフ,"2018-08-27","2020-12-25",http://www.takeshobo.co.jp/book_d/shohin/2553901,https://www.gman.com.tw/archives/586,"因意外事故而喪失部份記憶的阿彰，
醒來後受到女友小唯對他無微不至的照顧。
而同時在子公司也出現了一位，
自稱是阿彰女友的OL佐久間……？
一段謎團重重的三角關係。","","",200,"226",https://exhentai.org/g/2112090/7476be1f76/,小水笔,KOBO,""
TAK-021,YES,ハーレム乳デイズ,美女後宮乳日子,竹書房,一夢,"2018-08-07","2021-02-04",http://www.takeshobo.co.jp/book_d/shohin/2553601,"","想揉、想夾、想舔、想吸……我都可以幫你弄喔❤

員工宿舍裡只有我一個男人身處在
性慾旺盛的姐姐們之中❤
難道喜歡愛愛的大姐姐們已經
盯上我了嗎!?","","",160,"130","","","",""
TAK-022,YES,やわちちフェスティバル,美乳狂歡祭,竹書房,一夢,"2017-12-16","2021-02-04",http://www.takeshobo.co.jp/book_d/shohin/2552401,"","用柔嫩至極的綿軟♥胸部溫柔地將你包覆♥

不只胸部大，外觀可愛性格又好
身為男人，這樣怎麼可能忍耐得住？
在美乳之間徹底融化直到昇天♥
當你想做的時候……就不需等待了！","","",180,"162",https://exhentai.org/g/2135184/4690f1802d/,LzNO_Hentai,BW,""
AGL-001,YES,ともだちっくす,朋友間的淫事,ANGEL,デコセンタクジ,"2017-01-17","2020-10-15",http://angelcomics.jp/product/index.html?filter_auth=%E3%83%87%E3%82%B3%E3%82%BB%E3%83%B3%E3%82%BF%E3%82%AF%E3%82%B8,https://www.gman.com.tw/archives/548,"到底是朋友還是砲友？

青梅竹馬的吉村拓也與珠洲葉，雖然不是男女朋友，卻有著無以倫比的親密關係，不管是第一次與異性牽手，接吻還是做愛，彼此都是最好的練習對象。

直到有一天，待業中的拓也遇見了給自己一份工作的菱丸地所美女部長－冰見川可憐小姐，事情開始有了變化。","",,200,"186","","","",""
AKA-001,NO,とくべつな毎日,特別的每一天,茜新社,柴崎ショージ,"2016-07-28","2020-08-25",http://www.akaneshinsha.co.jp/item/7793/,https://www.gman.com.tw/archives/389,"發生在平凡的日子但卻是難忘的回憶……
但這就是青春……
篤志與小晶是青梅竹馬的情侶
但從小到大都練著棒球的篤志
決定放棄棒球而準備就業
看著失去幹勁的篤志，小晶決定拉著篤志去三天二夜的旅行！

收入共8篇充滿愛與青春的短篇集！",TENMACOMICS 高,"3",220,"210",https://exhentai.org/g/2211296/f0e213d1ed/,moesnow,BOOKWALKER,""
GGO-001,YES,きみとえっち,跟你做色色的事,GOT,きくらげ,"2016-04-25","2021-11-13",https://comic.gotbb.jp/comics/separatevolume/kimitoecchi,https://www.gman.com.tw/archives/708,"眾所期盼，神級美少女繪師的首本單行本華麗登場！
隔了幾年又見到了兒時玩伴的千繪，
小我一歲的千繪不再是那時瘦小的屁孩，
已經是個「女人」了。
而且還逐漸成長為我最喜歡的巨乳，實在讓人心癢，
因為千繪說很久沒來我家玩，所以帶了她回家，
但那麼「兇」的模樣…實在…讓我靜不下心……

小浩！你看！人家啊，已經變大了喔!!
你要確認看看嗎!?","",,250,"235/9",https://exhentai.org/g/2070343/4014aee24d/,K4W1H0R53,READMOO,""
GKE-001,NO,偽物家族　義父に堕ちていく姉妹,誘拐中出～為愛而沈淪的少女們,クロエ出版,ハルサワ,"2019-07-05","2022-11-30",https://shingeki.jp/tan_book/%e3%80%8e%e5%81%bd%e7%89%a9%e5%ae%b6%e6%97%8f%e3%80%80%e7%be%a9%e7%88%b6%e3%81%ab%e5%a0%95%e3%81%a1%e3%81%a6%e3%81%84%e3%81%8f%e5%a7%89%e5%a6%b9%e3%80%8f/,,"沈浸在肉慾交織的泥沼裡而不可自拔，

是為了愛還是為了性早已分不清。",,,,,https://exhentai.org/g/2390458/6fe7b3ff09/,LzNO_Hentai,BOOKWALKER,
