"ID","CENSORED","TITLE_JP","TITLE_ROMA","TITLE_CN","PUBLISHER","AUTHOR","AUTHOR_ROMA","DATE","DATE_PUBLISHER","LINK_JP","LINK_PUBLISHER","COMMENT","SERIES","SERIES_ID","PRICE","PAGE","EH","UPLOADER","SOURCE","TAGS","QUOTE"
DAV-001,NO,幾日,Ikujitsu,幾日,ワニマガジン社,幾花にいろ,Ikuhana Niiro,"2016-03-12","2018-06-25",https://www.wani.com/product/4862695590/,https://future-digi.com/index.php?route=product/product&path=70_101&product_id=258,"日本成人漫畫雜誌《Comic 快樂天》超人氣新銳作家 幾花丹色
第一本個人漫畫作品集！
收錄九篇漫畫短篇，真實描繪現代男女的性態，
因寂寞而相濡以沬，男歡女愛的激情模樣。
特別推出無修正版本，讓人臉紅心跳的情愛畫面，
挑逗讀者每個敏感的神經與感官。
 
心儀的女神在旅館解放的另一面癡態、
網聚後零距離的汽車性愛、
從咖啡廳的美麗邂逅演變成征服巨乳的契機、
與半同居辣妹的大膽騎乘位、
用性愛征服童顏女友的芳心、
神秘美女誘惑的美臀背後姿、
從同事之間的情傷諮詢到直接在包廂相擁求歡…
超真實性態不斷撩撥你的想像。
  
【收錄作品】
發火、咬合、視野、寄邊、燦爛、演色、聞香、白貓、引鐵","","",,"198/4",https://exhentai.org/g/1989053/58ec27a544/,虚言卿,BW,"language:chinese,language:translated,artist:ikuhana niro,male:glasses,female:milf,female:ponytail,other:tankoubon,",""
DAV-002,NO,はじらいブレイク,Hajirai Break,破・廉恥,ワニマガジン社,ホムンクルス,HOMUNCULUS,"2011-01-01","2019-08-21",https://www.wani.com/product/4862691684/,https://future-digi.com/index.php?route=product/product&path=70_101&product_id=310,"『COMIC快樂天』的貴公子・HOMUNCULUS首本單行本！

滋潤少女的內心並濕潤她們的私密，令人心跳加速的短篇集。

以超害羞的女朋友變得淫亂為開題，
同時收錄描繪浴室裡各種令人興奮場景的「Bathtub Crisis」、
與兩位美少女同住一個屋簷下、享受三人世界「同居人」等
將出道以來的所有作品毫無遺漏的全數收錄其中，是療癒疲憊的你最好的選擇！","","",300,"212/18",https://exhentai.org/g/2197581/80db257e26/,K4W1H0R53,SCAN,"language:chinese,language:translated,artist:homunculus,female:big breasts,female:blowjob,female:kissing,female:nakadashi,female:schoolgirl uniform,female:sister,female:x-ray,mixed:ffm threesome,mixed:group,other:tankoubon,other:uncensored,",""
DAV-003,NO,レンアイサンプル,Renai Sample,戀愛樣本,ワニマガジン社,ホムンクルス,HOMUNCULUS,"2014-06-07","2019-08-21",https://www.wani.com/product/4862692826/,https://future-digi.com/index.php?route=product/product&path=70_101&product_id=311,"『COMIC快樂天』的貴公子・HOMUNCULUS眾所期望的單行本第2集！

溫柔擁抱為相思所苦的少女、以肢體訴說愛意的短篇集。

內容收錄
與未見過面的美少女的性交實驗的「戀愛範本」、
被即將結婚的堂姐推倒的「夏日野獸」等作品，
大量投入了讓身體由裡到外燃燒起來的興奮劑。
業界頂端的繪師盡情投入熱情、最精彩的一冊！","","",320,"201/10",https://exhentai.org/g/2110646/c0224ae7c9/,K4W1H0R53,SCAN,"",""
DAV-004,NO,求愛エトランゼ,Kyuuai Etranger,求愛異鄉人,ワニマガジン社,ホムンクルス,HOMUNCULUS,"2019-04-26","2019-08-21",https://www.wani.com/product/4862696384/,https://future-digi.com/index.php?route=product/product&path=70_101&product_id=312,"在成人漫畫雜誌『COMIC快樂天』連載，少女們酸中帶甜的戀愛及大膽積極的性愛故事

獲得廣大支持的HOMUNCULUS(ホムンクルス)老師暌違五年的最新作品！

收錄：
與來自異國的少女陷入命運之戀的標題作品「求愛異鄉人」
因不可思議力量石頭，一靠近就陷入發情狀態的「結戀奇談」
與專情的金髮女僕的同居生活「YES，My Darling」
等等連載於『COMIC快樂天』的人氣作品。
另外，本書也同時追加收錄各作品的彩色短篇小故事。","","",350,"228/18",https://exhentai.org/g/2258034/ef08214cab/,moesnow,BW,"language:chinese,language:translated,artist:homunculus,male:glasses,male:schoolboy uniform,male:teacher,female:defloration,female:lingerie,female:maid,female:milf,female:pantyhose,female:ponytail,female:schoolgirl uniform,female:twintails,other:tankoubon,",""
DAV-005,NO,ラブミーテンダー,Love Me Tender,Love Me Tender -溫柔地愛著我-,ワニマガジン社,藤丸,Fujimaru,"2017-11-30","2020-06-25",https://www.wani.com/product/4862695280/,https://future-digi.com/index.php?route=product/product&path=70_101&product_id=376,"日本成人漫畫雜誌《Comic 快樂天》最受注目作家 藤丸 第一本個人漫畫作品集！
收錄 藤丸 最具代表性的作品〈Love is a Battlefield〉系列與8篇漫畫短篇，共計11篇漫畫

以獨特的說故事方式為成人漫畫增添了清新健康的純愛感覺
封面書衣以六色印刷，雙書衣包裝，完整保留日文原版封面的感覺
特別推出無修正版本，可一覽無遺每一個讓人臉紅心跳的情愛畫面

每次回鄉就不斷與好色的青梅竹馬做個不停、
謊稱自己最好的朋友不愛處女而獲得迷戀上好友的女孩們一親芳澤破處的機會、
有著完美男友與姣好外貌的女孩卻因為窮困而進行金錢交易的肉體關係、
謠傳自動物園逃脫出來的灰熊體內有著專門榨乾男性精力的熊耳娘、
年近40歲的單身男子與便利超商女店員的愛情邂逅、
超商店長身陷在魔性女店員性感肉體的桃色誘惑、
暗自躲在咖啡廳使用心儀店長的衣服自慰的女服務生、
在海水淹沒大地的世界為了戀人每年回來的少女……

8篇描繪色氣女孩們的情慾奇想。
加上代表作〈Love is a Battlefield〉系列，
講述晚熟的偶像歌手阿巧與美女經紀人菫小姐兩人的愛情故事，
一個是滿腦子想要擺脫童貞的草食處男，
另一個是想以自負的豪乳身材幫助帶的藝人脫離童貞的積極女孩，
從珍惜彼此開始的一段有些色氣卻又意外純情的戀情。","","",320,"192/16",https://exhentai.org/g/2152124/eaf1ad3003/,K4W1H0R53,SCAN,"language:chinese,language:translated,artist:fujimaru,male:bbm,male:dilf,male:exhibitionism,male:facial hair,male:glasses,male:ponytail,male:schoolboy uniform,male:thick eyebrows,female:bikini,female:blowjob,female:catgirl,female:collar,female:dark skin,female:exhibitionism,female:gloves,female:kemonomimi,female:pantyhose,female:ponytail,female:school swimsuit,female:schoolgirl uniform,female:sundress,female:sweating,female:swimsuit,female:tail,female:twintails,female:wet clothes,other:tankoubon,",""
DAV-006,NO,ユアソング,Your Song,Your Song -屬於你的歌-,ワニマガジン社,藤丸,Fujimaru,"2019-12-27","2020-06-25",https://www.wani.com/product/4862696872/,https://future-digi.com/index.php?route=product/product&path=70_101&product_id=377,"日本成人漫畫雜誌《Comic 快樂天》最受注目作家 藤丸 第二本個人漫畫作品集！
自初作品集《Love me tender》以後，藤丸打造全新敘事感的情色漫畫傑作！

 
挑戰了成人漫畫不僅富有色氣，也可以闡述更多「非日常的日常」奇想於其中
以11篇漫畫短篇形式讓看似沒關聯性的故事共同呈現一個近未來的世界觀
輕描淡寫了全球海平面上升的一個末世光景
在難以生存的世界中努力過日的人們充滿著許多色氣的日常生活
封面書衣以五色印刷，雙書衣包裝，完整保留日文原版封面的感覺
特別推出無修正版本，可一覽無遺每一個讓人臉紅心跳的情愛畫面


兩小無猜的笨蛋情侶甜蜜的幸福性愛、
用肉體療癒漁會大叔們慾求的大奶妹子、
為了心愛之人將貧乳發育成巨乳的鄰家女孩、
為了研發治療全人類不孕症而中出做愛的知性女學者、
即將離鄉背井的內向女孩把第一次獻給長期照顧自己的車掌大叔、
在市郊兜售水果卻因性感成熟的甜美身材屢屢遭顧客玩弄的蔬果店老闆娘、
經營不善的牧場牛兒幻化成豐滿女子前來獻身向主人報恩、
以超高球技讓輸球男子願賭服輸進行交媾的網球女孩、
受金絲雀牽引邂逅的男女探索彼此的性愛衝動、
被陌生男子拯救脫困且以肉償報恩的女子人造人、
在海水淹沒大地的世界為了戀人每年回來的少女……

11篇充滿愛慾卻富有清新純愛感的故事，串聯成一個甜蜜又苦澀的恆久愛戀。

本書與《Love me tender》之中的〈8月之燈〉有著非常密切的關係，
不僅延續了紗和與阿廣兩人的故事，也讓大家看見身處那樣的未來世界之中，
人們依然充滿活力地享受著性愛的幸福生活！","","",320,"212/18",https://exhentai.org/g/2155860/dd2b460fa7/,K4W1H0R53,SCAN,"artist:fujimaru,male:condom,male:dilf,male:facial hair,male:ghost,male:glasses,male:muscle,male:ponytail,female:apron,female:big breasts,female:blowjob,female:cheating,female:collar,female:freckles,female:glasses,female:hair buns,female:masturbation,female:paizuri,female:pixie cut,female:ponytail,female:schoolgirl uniform,female:swimsuit,female:tomboy,female:twintails,female:waitress,mixed:group,mixed:mmf threesome,other:tankoubon,",""
DAV-007,NO,桃色ドロップ,Momoiro Drop - sweet drop candy,桃色水果糖,ワニマガジン社,さくま司,Sakuma Tsukasa,"2020-04-15","2020-08-27",https://www.wani.com/product/4862697038/,https://future-digi.com/index.php?route=product/product&path=70_101&product_id=391,"日本成人漫畫雜誌《Comic 快樂天》
新興崛起的漫畫新銳 佐久間司 第一本作品集！

 
9位對性充滿興趣的好色女孩們

與抱有好感的男性進一步親熱的色氣故事
如同9顆染上粉紅色色彩的甜美桃色水果糖

從書中散落成繽紛的可口寶石


封面書衣以五色印刷，雙書衣包裝，

完整保留日文原版封面的感覺


特別推出無修正版本，

可一覽無遺每位女孩讓人臉紅心跳的情愛畫面

壓抑著情慾衝動探望生病男友的女孩、

趁著酒意以巨乳色誘著家中寄宿房客的女子OL、

失戀的女子情不自禁地愛慕上幫自己解圍性騷擾的溫柔男子、

聽聞自己最愛的男生要結婚而展開大膽行動的女孩、

透過聯誼聚會的摩擦更瞭解彼此心意而欲獻身的女性、

角色扮演的人妻在久違參加的展售會中被挑起了慾火、

被心儀的男孩發現自己不斷偷翻他畫的成人漫畫進而奮不顧身的積極進攻、

幫忙加班收拾可愛的男同事闖的禍並且順勢推倒的職場風流性事、

奇幻的邂逅產生人與狐仙的愛戀……

9篇敏感好色的女孩與心儀男孩們沉溺於甜蜜性愛的故事。","","",320,"176",https://exhentai.org/g/2133017/847588d222/,K4W1H0R53,SCAN,"language:chinese,language:translated,artist:sakuma tsukasa,male:dilf,female:cosplaying,female:fox girl,female:glasses,female:kemonomimi,female:ponytail,female:schoolgirl uniform,female:stockings,other:tankoubon,other:uncensored,",""
DAV-008,NO,粘膜,Nenmaku,黏膜,ワニマガジン社,翁賀馬乃助,Okinaga Umanosuke,"2020-03-27","2020-08-27",https://www.wani.com/product/4862696988/,https://future-digi.com/index.php?route=product/product&path=70_101&product_id=392,"日本成人漫畫雜誌《Comic 快樂天》
描繪口舌水沫讓人高度期待的漫畫家
翁賀馬乃助 的初作品集！

仔細將女性們吸允陽具的癡樣詮釋出異常色氣感，
創造富有淫亂氛圍的性愛畫面

9篇絕對實用主義的短篇，並且特別於雜誌連載內容以外，
全新加畫總計60頁全新續篇故事內容！
封面書衣以五色印刷，雙書衣包裝，
完整保留日文原版封面的感覺

特別推出無修正版本，可一覽無遺每位女孩讓人臉紅心跳的情愛畫面

外牆施工的修繕師傅不小心窺視到欲求不滿的護士小姐、
音樂祭邂逅的男女又在其他演唱會不期而遇點燃慾火、
房仲從業人員與忘記帶鑰匙的租屋小姐兩人共度一晚春宵、
兩位社會新鮮人的求職之路演變成香辣刺激的求歡之夜、
網路交流的畫友初次會面的寫生郊遊意外地成為一夜情的開端、
幫家裡販酒的女孩與在居酒屋工作的廚師兩人以品酒一觸即發的激情、
以田徑隊的前輩與晚輩引起偷嚐禁果的色氣情愛、
喜歡吃掉處男的失婚女積極向羞澀保有處子之身的男生展開攻勢……，
9篇超激烈的性愛，充滿著口舌交纏的激情，
單行本特別加畫了雜誌連載以外總計60頁的全新續篇故事！","","",320,"192",https://exhentai.org/g/2186185/6e5285ae01/,K4W1H0R53,SCAN,"language:chinese,language:translated,artist:okinaga umanosuke,male:condom,male:freckles,male:glasses,male:sweating,female:blowjob,female:business suit,female:defloration,female:drunk,female:fishnets,female:hair buns,female:hairy,female:impregnation,female:kimono,female:lingerie,female:milf,female:nurse,female:pantyhose,female:stockings,female:sweating,female:twintails,other:tankoubon,other:uncensored",""
DAV-009,NO,おかえり,Okaeri - welcome home,歡迎回家,ワニマガジン社,雲呑めお,Wantan Meo,"2020-06-30","2020-10-15",https://www.wani.com/product/486269716x/,https://future-digi.com/index.php?route=product/product&path=70_101&product_id=410,"以純愛情愫描繪男孩女孩們青春的邂逅、
曖昧與誤解等美好戀情的成人漫畫新銳 雲吞芽央，
自日本成人漫畫雜誌《Comic 快樂天》刊載作品以來，
深受讀者們好評與期待，終於推出個人第一本作品集《歡迎回家》！

本書收錄10篇短篇成人漫畫，並且於雜誌連載內容以外，
特別追加修正繪畫近100頁畫稿！

封面書衣以五色印刷，雙書衣包裝，完整保留日文原版封面的感覺
特別推出無修正版本，可一覽無遺每位女孩讓人臉紅心跳的情愛畫面

「我回來了！」「歡迎回家！」遠距離戀愛的兩人小別勝新婚地從進門的問候開始了甜蜜的一晚、不想被大家討厭而成為時常被男生們毛手毛腳的豪放女與看不慣她被性騷擾的正經男在解開誤會以後的兩人共度了一晚春宵、縝密規劃約會的認真男按照導航開車載著心儀女孩卻在山上迷路而展開的車震性愛、笨手笨腳的藥妝店女藥師以看貓為藉口讓平常照顧自己的幹練男店員來到家中的一段悶騷情緣、在尋覓夫婿的單身潛水女教練遇見了在旅行途中想要有一段美麗邂逅的單身男所引起的色氣情愛、突然發現男友攝取食物會影響精液味道的女孩開始了個人色氣滿點的自由研究計畫、休假在家叫外送小妹的店長卻意外地叫到自己店內的工讀生妹妹上門既尷尬又刺激的慾火時間、穿著暴露引起許多男生偷窺的帥氣應援團女孩為了安撫引起妒心的男友大膽的獻身做愛、青梅竹馬的三人在成年的結業式用屬於他們的方式一起創造了最美好的畢業回憶、工作過勞離開城市旅行的男孩遇見了童顏巨乳的可愛女孩不期而遇的結伴而行意外地成為一夜情的開端……，10篇溫柔又甜美的性愛，化為他們青春的一頁篇章。","","",320,"188/2",https://exhentai.org/g/2015032/5a8d084745/,虚言卿,BW,"language:chinese,language:translated,artist:wantan meo,male:condom,male:dilf,male:drugs,male:glasses,male:schoolboy uniform,female:bandages,female:beauty mark,female:blowjob,female:crossdressing,female:defloration,female:double penetration,female:drunk,female:glasses,female:hairy,female:milf,female:ponytail,female:sarashi,female:schoolgirl uniform,female:sweating,female:tanlines,female:twintails,female:x-ray,mixed:group,mixed:mmf threesome,other:tankoubon,",""
DAV-010,NO,おやつの時間,Oyatsu no Jikan - Would you like to taste my body?,點心時間,ワニマガジン社,さんじゅうろう,Sanjuurou,"2018-01-31","2020-12-10",https://www.wani.com/product/4862695426/,https://future-digi.com/index.php?route=product/product&path=70_101&product_id=419,"無論是背德的偷情關係、相愛的戀人、或是有著淡淡情愫的兩人，
為了避免出糗感到丟臉與不好意思的模樣，為了避開說錯話造成雙方氣氛尷尬，
極盡所能地察言觀色，避免帶給他人困擾，成為彼此坦誠相見的阻礙。
以輕巧的筆觸描繪出男女之間那段曖昧不明的糾結情感，
日本成人漫畫雜誌《Comic 快樂天》大人氣成人漫畫家三十郎（さんじゅうろう）兩本個人單行本一次推出！
1st單行本《點心時間》收錄12篇短篇成人漫畫，為三十郎特別精心打造而成的處女作單行本！
封面書衣以五色印刷，雙書衣包裝，完整保留日文原版封面的感覺
特別推出無修正版本，可一覽無遺每位女孩讓人臉紅心跳的情愛畫面
※本書為18禁限制級內容，18歲以下不宜閱讀與購買

睡姦、體味癖、暴露狂、雙性戀……，有著不為人知的輕度異常性癖，為了避免被對方討厭，竭力所能隱蔽的人們，有著一臉清純可愛的臉龐，卻意外地有著截然不同的癡淫面貌，在禁忌的情慾刺激催化之下，突破了尷尬、害羞、臉紅心跳的氛圍，各式各樣的汗腺與體液的噴發，散發出濃郁的牝氣味，一部兼具純情甜美與濕鹹重口味的反差萌感視覺饗宴！","","",320,"216/8",https://exhentai.org/g/1977761/9b57719ee7/,虚言卿,BW,"language:chinese,language:translated,artist:sanjuurou,artist:zasetsuou,female:big breasts,female:pantyhose,female:ponytail,female:stockings,female:twintails,female:yuri,mixed:ffm threesome,mixed:group,other:tankoubon,",""
DAV-011,NO,シークレット×シークレット,Secret x Secret - Keep it a Secret Promise,祕密X祕密,ワニマガジン社,さんじゅうろう,Sanjuurou,"2020-04-15","2020-12-10",https://www.wani.com/product/486269702x/,https://future-digi.com/index.php?route=product/product&path=70_101&product_id=420,"以柔軟的筆觸描繪出男女情感曖昧不明的情緒
透過畫紙讓觀者感受到女子發情氣味的成人漫畫家三十郎（さんじゅうろう）
在1st單行本《點心時間》獲得巨大迴響以後，耗費兩年時間的全新創作──2nd單行本《祕密x祕密》！
這次特別著眼在日常生活裡面潛藏的異色光景，將更進一步的探討社會裡藏匿著背德的男歡女愛
讓人不禁懷疑自己身旁的清純女孩是否也有不為人知的禁斷祕密呢？
日本成人漫畫雜誌《Comic 快樂天》大人氣成人漫畫家三十郎（さんじゅうろう）兩本個人單行本一次推出！
2nd單行本《祕密x祕密》收錄7篇短篇成人漫畫，充滿著不可告人關係的第二本單行本！
封面書衣以五色印刷，雙書衣包裝，完整保留日文原版封面的感覺
特別推出無修正版本，可一覽無遺每位女孩讓人臉紅心跳的情愛畫面
※本書為18禁限制級內容，18歲以下不宜閱讀與購買

日常生活底下隱藏了許多不為人知的祕密，沒有過度縱慾卻大幅減少了保險套用量的愛侶、叫外送服務的男孩與從事外送服務的女孩有著意外的神祕關聯性、為了守護父親的店而努力償還債務的正直女孩不得不與多金社長展開一場金錢約會、被撞見不倫戀的女子大學生為了遮口採取了大膽的舉動、跟偶遇的前男友訴苦現在交往的困擾而情不自禁的OL、推著嬰兒車在四下無人的公園慢慢撩起了裙擺將手伸進私處的人妻、時常刁難男下屬的高傲女主管實際上私底下有截然不同的樣子，七篇揭開女孩子們偷偷掩蓋著禁斷背德情慾的異常光景！","","",320,"180/2",https://exhentai.org/g/2236662/0f12c07230/,K4W1H0R53,SCAN,"male:cheating,male:condom,male:drunk,male:shotacon,male:sleeping,male:tall man,male:virginity,female:big breasts,female:blowjob,female:cheating,female:exhibitionism,female:fingering,female:hairy,female:kissing,female:masturbation,female:milf,female:nakadashi,female:ponytail,female:prostitution,female:stockings,female:sweating,other:tankoubon,other:uncensored",""
DAV-012,NO,きらきら,Kirakira,閃亮亮,ワニマガジン社,Hamao,Hamao,"2015-10-18","2021-01-18",https://www.wani.com/product/4862693415/,https://future-digi.com/index.php?route=product/product&path=70_101&product_id=427,"被讚譽為『COMIC快樂天的賢才』的日本頂尖成人漫畫家Hamao四本個人單行本一次推出！
《閃亮亮》充滿著與外表模樣截然不同的閃亮女孩們以滿滿的勇氣展現令人臉紅心跳的一面！
無論是佯裝天真、製造麻煩、虧欠回饋、說謊欺騙、惡口使壞……等微妙的手法
都充滿著愉悅的心情與男生們做個不停的大膽行徑
讓人不禁想像著生活周遭的女孩子們是否也暗藏如此率直放蕩的一面呢？
《閃亮亮》收錄了Hamao 2013年至2014年兩年間的漫畫創作
並且特別收錄2012年刊載在『MOTMILK』雜誌的短篇作品〈sincerely affection〉
以及為單行本發行繪製的〈姊妹颱風〉續篇〈姊妹颱風+〉共計14篇短篇成人作品
封面書衣以五色印刷，雙書衣包裝，完整保留日文原版封面的感覺
特別推出無修正版本，可一覽無遺每位女孩讓人臉紅心跳的情愛畫面
※本書為18禁限制級內容，18歲以下不宜閱讀與購買

害人受傷抱持歉意地獻出青澀的肉體、暗自為心儀男孩努力卻佯裝開放不在意的樣子、偽裝年幼一起入浴的天真感而在浴池赤裸著身子、謊稱去朋友家過夜而跟男生深夜獨處、不斷給人帶來麻煩的小惡魔、色誘年幼妹妹暗戀的男孩一起3P、在同學會與初戀的青梅竹馬喝醉到旅館親熱、滿嘴惡言並施行邪惡調教計畫的惡女……，與外貌截然不同的反差模樣，充滿著對性愛好奇與衝動的渴望，滿滿14篇收錄著Hamao式的性愛美學異色作品！","","",320,"208/8",https://exhentai.org/g/2130083/7dd59200fa/,K4W1H0R53,SCAN,"language:chinese,language:translated,artist:hamao,male:bondage,male:drunk,male:glasses,male:netorare,male:schoolboy uniform,female:anal,female:big breasts,female:bikini,female:blowjob,female:bukkake,female:cheerleader,female:cunnilingus,female:deepthroat,female:defloration,female:double penetration,female:drunk,female:femdom,female:fingering,female:footjob,female:glasses,female:handjob,female:kissing,female:lingerie,female:schoolgirl uniform,female:sleeping,female:stockings,female:sumata,female:tickling,female:yandere,female:yuri,mixed:ffm threesome,mixed:group,other:tankoubon,other:uncensored,",""
DAV-013,NO,キャンディドロップ,Candy Drop,糖果雨滴,ワニマガジン社,Hamao,Hamao,"2016-12-31","2021-01-18",https://www.wani.com/product/4862694454/,https://future-digi.com/index.php?route=product/product&path=70_101&product_id=428,"被讚譽為『COMIC快樂天的賢才』的日本頂尖成人漫畫家Hamao四本個人單行本一次推出！
《糖果雨滴》將少女魔性蜜汁包裹在甜美的糖衣中灑落成整片的糖果雨
在城市中擦肩而過的女性、萍水相逢的女子、認識已久的青梅竹馬
無論是相戀、偶遇或是意外的超展開，少女們大膽奔放地品嚐性愛的歡愉
男人們淫想的腿縫之間，或許被意淫的女生們早就已經春水蕩漾了！
《糖果雨滴》收錄了Hamao 2015年至2016年兩年間共計12篇短篇成人作品
封面書衣以五色印刷，雙書衣包裝，完整保留日文原版封面的感覺
特別推出無修正版本，可一覽無遺每位女孩讓人臉紅心跳的情愛畫面
※本書為18禁限制級內容，18歲以下不宜閱讀與購買

婚前男子們的性解放意外與未婚妻的妹妹偶遇、瞞著他人秘密進行臉紅心跳的禁忌老少戀、撞見好友浪蕩模樣而意亂情迷的女子家教、彼此心心相印卻即將各奔前程的兩小無猜、與嚴厲女主管一同加班後暢飲到酒醉情迷催情的化學作用、任性賴在別人家裡的女孩產生了一段做愛做個不停的肉體關係、旅途中重病受到大家眼中的冰山美人截然不同的積極照顧、玩遊戲比賽輸了不得不進行一日角色扮演約會的兩人、獨立生活卻意外地與妹妹的朋友相戀、與店內年長的輕熟女同事約會的情色超展開、在夏日祭典與戀人開始第一次的親密接觸、在大雨中有著淡淡情愫的兩人獨處時刻……，請享受Hamao以輕巧的筆觸所描繪出來的12位順從原始欲望溢出色氣汁液的雌性！","","",320,"210/2",https://exhentai.org/g/2130097/0aa34fc079/,K4W1H0R53,SCAN,"language:chinese,language:translated,artist:hamao,male:cheating,male:condom,male:glasses,male:schoolboy uniform,female:big breasts,female:blowjob,female:breast feeding,female:bukkake,female:defloration,female:handjob,female:inverted nipples,female:kimono,female:kissing,female:nakadashi,female:paizuri,female:schoolgirl uniform,other:tankoubon,other:uncensored,",""
DAV-014,NO,温かくて柔らかくて,Atatakakute Yawarakakute,暖暖溫柔鄉,ワニマガジン社,Hamao,Hamao,"2018-08-10","2021-01-18",https://www.wani.com/product/4862695760/,https://future-digi.com/index.php?route=product/product&path=70_101&product_id=429,"被讚譽為『COMIC快樂天的賢才』的日本頂尖成人漫畫家Hamao四本個人單行本一次推出！
《暖暖溫柔鄉》以情熱溫暖的安慰各式各樣辛勤生活於世的男男女女
無論是喪失人生目標而意志消沉的棒球選手、壞天氣導致約會計畫受阻的青澀男子
或是擔心與自己大談老少戀女友耽誤青春的大叔
Hamao用一貫的爽朗方式以美妙的肉體與愉悅的性愛慰勞每一個迷惑的人們
讓人觀看以後能打起精神的一本情愛專書！
鼓舞大家成為有著暖暖愛意的人們，也讓大家期望未來可以遇見某個溫柔的女孩子安慰呢！
《暖暖溫柔鄉》收錄了Hamao 2016年至2018年三年間共計12篇短篇成人作品
封面書衣以五色印刷，雙書衣包裝，完整保留日文原版封面的感覺
特別推出無修正版本，可一覽無遺每位女孩讓人臉紅心跳的情愛畫面
※本書為18禁限制級內容，18歲以下不宜閱讀與購買

木訥的文學感少女以大膽的行動回應羞澀男孩的情書、開朗活潑的樂團少女為意志消沉的心儀男孩歌唱打氣、體貼溫柔的好女孩用身體慰勞認真打拚的男友、旅途中受到幫助的單身女子以共度春宵的方式回報給出遊散心的鬱悶的男子、將上班的辛勞遷怒給為自己親手下廚的男友的OL女子在睡前親密的療癒暖心男友、已為人妻的文靜女孩為了從婚前直到婚後丈夫出軌也持續愛戀與照顧著自己的男人勇敢地踏出了不倫的一步、貼心的女友陪伴著因大雪紛飛造成初次約會計畫受阻的男友在房間裡展開了更進一步的親密接觸、有口無心的壞嘴女孩心疼因自己玩笑話過度減重昏倒的心儀暖男而大展廚藝帶著豐盛料理探視、元氣女孩用超正向積極的態度安撫了擔心耽誤年輕女友青春的大叔男友……，共描繪了9位善解人意的女孩讓人意亂情迷的一面，此外還收錄了三篇不同風味的短篇漫畫，如同《閃亮亮》中的〈黑之花〉一般有著極度抖S女王架式調教自己繼兄的女孩、促成彼此好友交往而互有好感的兩人在最尷尬的時刻互吐愛意、在一夜情對象的宿舍巧遇對方室友意外超展開的多人性愛，歡迎來到Hamao費時三年精心打造出來色氣四溢的暖暖溫柔鄉！","","",320,"210/2",https://exhentai.org/g/2130088/302caa407f/,K4W1H0R53,SCAN,"language:chinese,language:translated,artist:hamao,male:bbm,male:collar,male:condom,male:glasses,male:gokkun,male:leash,male:schoolboy uniform,male:tall man,female:big breasts,female:blowjob,female:cheating,female:cum swap,female:defloration,female:femdom,female:footjob,female:glasses,female:hairy,female:kimono,female:nakadashi,female:ponytail,female:schoolgirl uniform,female:sister,female:small breasts,female:sweating,female:twintails,mixed:ffm threesome,mixed:group,mixed:incest,other:tankoubon,other:uncensored,",""
DAV-015,NO,ショコラ,Chocolate,濃情巧克力,ワニマガジン社,Hamao,Hamao,"2020-04-30","2021-01-18",https://www.wani.com/product/4862697054/,https://future-digi.com/index.php?route=product/product&path=70_101&product_id=430,"被讚譽為『COMIC快樂天的賢才』的日本頂尖成人漫畫家Hamao四本個人單行本一次推出！
《濃情巧克力》有著苦澀的大人滋味與甜美的青澀愛戀風味
與一本正經愛戀自己的人勉強交往、因對方熱烈地展開攻勢而從毫不在意漸漸心動不已
有著無法公開戀情的原因祕密交往的愛侶、遊走在道德邊緣的禁忌性愛
灌注了成熟大人風味的淫糜感，依然保有著濃情蜜意的濃郁性愛
有著將各種悲喜情節融合為Hamao式的輕快歡愉的情色故事
快來咬一口Hamao耗時四年精心特調製成的濃情巧克力吧！
《濃情巧克力》收錄了Hamao 2017年至2020年四年間共計12篇短篇成人作品
封面書衣以五色印刷，雙書衣包裝，完整保留日文原版封面的感覺
特別推出無修正版本，可一覽無遺每位女孩讓人臉紅心跳的情愛畫面
※本書為18禁限制級內容，18歲以下不宜閱讀與購買

彼此都已有伴侶卻偷情密會激情作愛的男女、被告白而勉為其難交往到產生一絲情感的短暫戀情、配合伴侶害怕被厭惡而隱蔽起來的特殊性癖合而為一的情色合鳴、害怕大膽告白以後被拒絕而積極進攻的青澀愛戀、因一場誤會將互相喜愛的兩人推至坦誠相見的機會、女大男小的姊弟戀笨拙地一起品嘗雙方的性愛初體驗、寄人籬下而有著無法公開交往原因的地下情侶意外地獲得了一段激情的交合時間、害怕與一起享受短暫刺激的對象認出的不安化為遊走在道德邊緣的禁忌性愛、在策略婚姻的婚前將自己獻身給從小就夢想嫁對方為新娘的苦澀又甜美的性愛……，加上Hamao維持一直以來的輕快筆觸以3則篇幅描繪了一位純情女孩從初嚐禁果到沉溺於性愛，最終被調教成好色癡女的過程，共收錄了12篇濃度不同的濃情密意，給喜愛感官刺激快感的饕客享用！","","",350,"210/14",https://exhentai.org/g/2130462/f0d34eb9fc/,K4W1H0R53,SCAN,"language:chinese,language:translated,artist:hamao,male:condom,male:freckles,male:glasses,male:ponytail,male:tall man,male:teacher,female:beauty mark,female:blowjob,female:cheating,female:collar,female:defloration,female:footjob,female:glasses,female:lolicon,female:ponytail,female:schoolgirl uniform,female:small breasts,female:stockings,female:sweating,female:tracksuit,other:tankoubon,other:uncensored,",""
DAV-016,NO,まい すうぃーと♡でびる,My Sweet Devil,我的甜蜜♡惡魔,ワニマガジン社,雛原えみ,Hinahara Emi,"2018-06-20","2021-03-18",https://www.wani.com/product/4862695655/,https://future-digi.com/index.php?route=product/product&path=70_101&product_id=455,"擅長描繪傲嬌萌的日本成人漫畫家雛原惠美筆下的
酸甜可愛的小惡魔們即將傾巢而出
滿載著反差萌系傲嬌女孩《我的甜蜜惡魔》正式推出！
強勢、蠻橫、雞婆、能幹、療癒…，
偶爾調弄人的壞心機，偶爾惱羞成怒的壞脾氣
甚至有些無理取鬧，卻又突然寬宏大量，
或是害羞尷尬的一改先前的飆悍作風
在人前不輕易展現羞澀軟弱一面的女孩子們，
有著可靠讓人依賴的堅強樣貌
讓人摸不清到底是生氣、吃醋，還是嬌羞的可愛模樣，
就讓小惡魔們來佔領你的心吧！

《我的甜蜜惡魔》收錄了雛原惠美2015年至2018年四年間共計11篇短篇成人作品
封面書衣以五色印刷，雙書衣包裝，完整保留日文原版封面的感覺
特別推出無修正版本，可一覽無遺每位女孩讓人臉紅心跳的情愛畫面

喜愛欺負男友享受主導權的小惡魔女、
好管沐汙癖男孩閒事的運動元氣女孩、
愛刁蠻男友的壞脾氣大小姐、
與男友愛鬥嘴嬉鬧的女孩、易怒雞婆的潔癖女、
羞澀的巨乳冰山美人、獨立自主的女強人、
沉溺自己研究世界成為少根筋的天才少女、
溫暖療癒人心的聖母系女孩、
體弱多病且高高在上的大小姐、
強勢愛吃醋的黏人女友，
11位有著與堅強外貌截然不同樣貌的女孩子們，
趕快來一窺潛藏她們內心深處春情蕩漾嬌羞的一面吧！","","",320,"210/2",https://exhentai.org/g/2189004/f910b26b08/,K4W1H0R53,SCAN,"language:chinese,language:translated,artist:hinahara emi,female:blowjob,female:footjob,female:lingerie,female:ponytail,female:twintails,other:tankoubon,other:uncensored,",""
DAV-017,NO,夢現ロマンティック,Yumeutsutsu Romantic,朦朧之間的浪漫,ワニマガジン社,雛原えみ,Hinahara Emi,"2020-05-29","2021-03-18",https://www.wani.com/product/4862697100/,https://future-digi.com/index.php?route=product/product&path=70_101&product_id=456,"擅長描繪傲嬌萌的日本成人漫畫家雛原惠美筆下的
酸甜可愛的小惡魔們即將傾巢而出

最新單行本《朦朧之間的浪漫》
增添了些許魔幻元素有著更多擾人的傲嬌壞女孩們！
這次女孩子們懷抱著各自的理由展現刁蠻任性造成男生困擾！
而在這強勢的外表之下，顯露的是任人予取予求的色氣
就讓這些大姊姊們大膽地騎乘在身上，
敞開平常緊閉的雙腿，開啟淫靡的世界吧！

《朦朧之間的浪漫》收錄了雛原惠美2017年至2020年四年間共計9篇短篇成人作品

封面書衣以五色印刷，雙書衣包裝，完整保留日文原版封面的感覺
特別推出無修正版本，可一覽無遺每位女孩讓人臉紅心跳的情愛畫面

※本書為18禁限制級內容，18歲以下不宜閱讀與購買

可曾幻想過打扮性感的女性友人成為魅魔色誘自己？
對性絕緣的純真女友卻傳來了掀衣裸奶的照片？
照顧走失的貓咪卻被身材苗條的女飼主大聲斥責？
幻想與心儀的男生性愛的慾念卻在清醒時成為真實？
含蓄的妹妹與放蕩的姊姊原來本性完全顛倒？
女友嘴上說不要身體卻逐漸發燙？
穿著曝露的大姊姊無設防的熟睡是否能下手成功？
膽顫心驚地調弄著高傲自信的女孩子們，
其中〈Sweet devil's ♡ Promise〉是沿自前作
《我的甜蜜惡魔》同名短篇〈我的甜蜜惡魔〉中的女主角山邊友海再次登場唷！
這次加入了一些如夢似幻的性愛情節，以及魔幻的激情時刻，
讓喜愛被小惡魔女孩玩弄的你，以及迷戀能反撲讓她們露出嬌羞癡樣的你，
得以盡情享受她們的好色魅力唷！","","",320,"194/2",https://exhentai.org/g/2194180/a6dc5c0ef8/,K4W1H0R53,SCAN,"language:chinese,language:translated,artist:hinahara emi,male:condom,male:schoolboy uniform,female:garter belt,female:glasses,female:hair buns,female:hairy,female:lingerie,female:masturbation,female:pantyhose,female:ponytail,female:schoolgirl uniform,female:sex toys,female:stockings,female:twintails,mixed:ffm threesome,mixed:group,other:tankoubon,other:uncensored,",""
DAV-018,NO,主従えくすたしー,Shujuu Ecstasy - Sexual Relation of Master and Servant,主僕狂熱,ワニマガジン社,みちきんぐ,Michiking,"2016-09-01","2021-04-15",https://www.wani.com/product/4862694462/,https://future-digi.com/index.php?route=product/product&path=70_101&product_id=460,"d/art舉辦的成人漫畫展問卷調查中最受期待繁中化作品的成人漫畫家首位！
自出道以來，無論是同人誌或是商業作品都廣受到許多人喜愛

日本成人漫畫雜誌《快樂天》的頂端，被尊稱為神級漫畫家──米奇王（みちきんぐ）
2021年正式推出《主僕狂熱》與《打造壞壞小心機》兩本繁中版無修正作品集！

《主僕狂熱》收錄了三篇有著淫糜主僕關係的圓城寺一家
以及三篇充滿開放式性關係的螃蟹雜誌編輯部與八篇短篇漫畫
高人氣傲嬌女僕紫音以一貫的毒舌惡口
幫助自己服侍的圓城寺一家主人們各種超展開的悅虐性愛
全書充滿著米奇王將女性嬌嗲、任性、使壞的各種性感魅力
灌注到有限的刊載頁面裡，呈現出各種浪蕩的情事

《主僕狂熱》收錄了米奇王2013年至2016年四年間共計14篇短篇成人作品
封面書衣以五色印刷，雙書衣包裝，完整保留日文原版封面的感覺
特別推出無修正版本，可一覽無遺每位女孩讓人臉紅心跳的情愛畫面

※本書為18禁限制級內容，18歲以下不宜閱讀與購買
〈烏龍麵職人起得早〉
如何煮出美味的烏龍麵？就讓烏龍麵職人親身為大家示範吧！
〈妄想作家雞屁股老師〉
有著獨特筆名的處女作家雞屁股老師來不及趕上截稿日啦！貌美的佐藤編輯特別為她精心安排了超強力作畫助手，讓雞屁股老師臉紅心跳的趕稿開始了！
〈羅剎編輯佐藤小姐〉
新人漫畫家自信之作被惡鬼般的佐藤編輯批評的一文不值，在灰心喪志之前，先體驗一下佐藤編輯的嚴厲指導吧！
〈夢想作家雞屁股老師〉
雞屁股老師陷入單相思而畫不出漫畫分鏡草稿!?沒問題！羅剎編輯佐藤小姐出馬，保證搞定一切！
〈主僕三角關係〉
學生會長圓城寺蓮華喜歡上日向同學，日向同學卻喜歡上蓮華的女僕紫音!?一男兩女的戀愛三角課題！咦？為何變成色氣四溢的主僕三角關係？
〈主僕再臨〉
新進女僕櫻子受到圓城寺真司主人的欺負，得知此事的女僕長紫音冷傲地展現出疼愛晚輩的溫柔！
〈主僕約會〉
代替女主人蓮華約會的傲嬌女僕紫音再次登場，這次將展露出羞澀的一面!?
〈人心控制超能力者真理沙〉
看了3分鐘就能學會超能力一書的真理沙要用心靈控制幫好友的戀情開花結果！一試再試終於催眠成功好友暗戀的男生了！咦咦!?可是為何變成奇怪的超展開？
〈正宮系妹妹〉
父親再婚對象的女兒老是破壞自己的好事，當然要好好教訓一番！但是事情好像變得很奇妙，為何她完全不反抗呢!?
〈大人的階梯〉
吾家有女初長成，小女孩兒時想嫁的男生，即使現在成為大叔也要獻身相戀！
〈誘惑睡眠〉
如何色誘一本正經的禁慾男友親熱呢？就用裝睡顯露自己性感色氣的模樣吧！
〈鮮奶油cafetime〉
咖啡廳沒有半個客人該怎麼做生意啊！女僕？真是個好主意！
〈是ＸＸ真的很抱歉！〉
認真過頭的熱血男子vs好色手淫避不出門的女孩，滿腦子色色的事情真是抱歉！
〈拜託教教我♡阿裕！〉
萬能的阿裕幾乎什麼都能教導自己，自己能教阿裕什麼東西呢？女孩子滿懷感激的報答！

紫音女僕、雞屁股老師、佐藤編輯…極具個性的眾多美麗的女孩，大滿載14篇米奇王筆下的大人氣色氣作品！","","",340,"233/8",https://exhentai.org/g/2000715/4d0598d1f1/,虚言卿,BW,"male:prostate massage,male:teacher,female:big breasts,female:defloration,female:femdom,female:footjob,female:garter belt,female:maid,female:pantyhose,female:sex toys,female:spanking,female:stockings,female:urination,mixed:ffm threesome,mixed:group,other:tankoubon,",""
DAV-019,NO,アザトメイキング,Azato Making Shokai Genteiban,打造壞壞小心機,ワニマガジン社,みちきんぐ,Michiking,"2020-10-15","2021-04-15",https://www.wani.com/product/4862697216/,https://future-digi.com/index.php?route=product/product&path=70_101&product_id=461,"d/art舉辦的成人漫畫展問卷調查中最受期待繁中化作品的成人漫畫家首位！
自出道以來，無論是同人誌或是商業作品都廣受到許多人喜愛
日本成人漫畫雜誌《快樂天》的頂端，被尊稱為神級漫畫家──米奇王（みちきんぐ）
2021年正式推出《主僕狂熱》與《打造壞壞小心機》兩本繁中版無修正作品集！

充滿許多性感色氣的女編輯們的螃蟹雜誌編輯部來了！
前作《主僕狂熱》中登場的嚴厲又性感的魔鬼編輯佐藤小姐再次登場！
這次《打造壞壞小心機》更加入了羞澀又大膽的月本編輯、可愛又邪惡的編輯長
以及一肚子壞水，自稱為綠茶婊卻時常被整慘的遜炮婊代表安里編輯！
豪華的八篇關於螃蟹編輯部的情事，加上一篇特別短篇漫畫
此外，服侍圓城寺一家的高人氣傲嬌女僕紫音也再次回歸！
再次以毒蛇惡口展開淫蕩的悅虐性愛
喜愛紫音女僕、佐藤編輯、遜炮婊安里編輯千萬不能錯過的神作！

《打造壞壞小心機》收錄了米奇王2016年至2020年五年間共計12篇短篇成人作品
本次封面設計完全比照日版初回限定版，保留可脫衣式描圖紙書衣設計
書腰加入金色，搭配螢光紅使用六色印刷
描圖紙書衣與封面則是五色印刷，完整保留日文原版封面的感覺
特別推出無修正版本，可一覽無遺每位女孩讓人臉紅心跳的情愛畫面

※本書為18禁限制級內容，18歲以下不宜閱讀與購買

〈主僕情感〉
蓮華女主人的男友來到家裡一起念書，身為效忠圓城寺一家的女僕紫音與櫻子當然要好好款待一番！等等，櫻子似乎懷有別心在熱情招待呢！
〈主僕夢境〉
毒舌女僕紫音嬌嗲惹人疼愛的模樣騎乘在身上!?不不，這一定是一場夢！
〈主僕夢境〜turn紫音〜〉
白天被紫音女僕強制射精管理的主人，每晚都做著春夢，在半夢半醒之間，似乎有著比春夢還香豔刺激的事情發生了!?
〈新人編輯　月本小姐〉
剛入社就擔任高人氣漫畫家編輯的月本小姐遇到了老師靈感枯竭的低潮期了！為了嚴守截稿日，月本小姐用盡全身來激發老師的創作了！
〈至極編輯　佐藤小姐〉
咦？獎勵!?真的假的？總是給人一臉淡漠的工作狂感覺，有著一副性感的身材讓人著迷，給予新人漫畫家極為嚴格指導的魔鬼編輯佐藤小姐？本篇也是遜炮婊安里小姐的初登場！
〈新婚編輯（舊姓）　月本小姐〉
與人氣漫畫家新婚的月本小姐正沉迷在幸福當中，等等！安里小姐在窺伺丈夫嗎？為了自己的幸福，月本小姐豁出去了！
〈性惡編輯　安里小姐〉
自稱是「最討厭處男的綠茶婊」的安里小姐大活躍！不但利用處男同事幫忙減輕工作，還不參加編輯長的慶生會開溜，想嚐盡美男的安里小姐卻陷入了兩難的局面!?
〈勿忘＊愛〉
身為男子漢當然要幫助被壞人追逐的少女解圍！沒有家庭溫暖，隻身來到東京的鄉下男孩，與神祕少女一段愛的物語。
〈好色編輯　安里小姐〉
被編輯長惡整的安里小姐終於要桃花盛開了嗎？受到編輯長的招待參與豪華戀愛派對，這次安里小姐大膽地色誘美男子，咦？怎麼又是這種結局？
〈遜炮婊低潮期　安里小姐〉
煩躁、苦悶、各種火大，無論參加聯誼或是聚會都提不起勁，沒搭上夜班車而回到公司的安里小姐，看到被她破處的男同事認真加班工作的身影，兩人逐漸產生的情愫……，
〈充滿魅力而致命的她〉
不小心溺水慘遭滅頂，被可愛的女孩子救起來以後，充滿生存的情慾性愛！
〈打造壞壞小心機〉
編輯長與安里小姐在化妝室的女人談心時間，嘴硬使壞的安里小姐，依然栽在編輯長的手中？

遜炮婊安里編輯、月本編輯、紫音女僕…打造富有婊子性格又可愛迷人的女孩子，12篇米奇王最新最色氣作品！","","",360,"192/16",https://exhentai.org/g/2000716/22fa804610/,虚言卿,BW,"male:glasses,female:beauty mark,female:big breasts,female:femdom,female:garter belt,female:glasses,female:gloves,female:hair buns,female:maid,female:nakadashi,female:paizuri,female:ponytail,female:stockings,female:twintails,other:story arc,other:tankoubon,",""
DAV-020,NO,春と青,Haru to Ao,春與青,ワニマガジン社,楝蛙,Ouchi Kaeru,"2018-12-19","2021-07-08",https://www.wani.com/product/4862696058/,https://future-digi.com/index.php?route=product/product&path=70_101&product_id=485,"原職為插畫家的成人漫畫家楝蛙，運用繪畫表現手法描繪青澀又好色的女孩們，筆下女性不僅對性充滿著好奇與慾望，不時也會因性愛而放蕩地擺出高潮顏的神情。以近寫實的肉感和清新筆觸在成人漫畫雜誌《COMIC X-EROS》擁有高人氣的楝蛙，正式推出個人第一本作品集《春與青》！

《春與青》收錄了楝蛙2016年至2018年三年間的成人作品。包含：〈鹹濕潮爽拉麵〉、〈我家的料理長〉、〈勸誘〉、〈成為天才的捷徑〉、〈牛丸小姐喜歡牛奶〉、〈我們很近又很遠〉、〈幹砲the海岸〉、〈醉愛中chu!♡〉、〈潮騷〉、〈第三代豚醬Lovers〉、〈前輩只有139.9cm〉共11篇短篇作品。

封面書衣以五色印刷，雙書衣包裝，完整保留日文原版封面的感覺，特別推出無修正版本，可一覽無遺每位女孩讓人臉紅心跳的情愛畫面。

※本書為18禁限制級內容，18歲以下不宜閱讀與購買。
〈鹹濕潮爽拉麵〉
常吃的拉麵店人手不足之下，喜愛享用美食的大小姐一口答應協助店內的工作，意外地知道了煮麵的精華。

〈我家的料理長〉
獨居在外的男生就是會生活的很隨便，受母親委託去探望照顧，為心儀的他煮飯打掃，甚至為他獻身也……!?

〈勸誘〉
被無良狗仔盜攝私下枕營業的偶像女演員，為了封口只好獻身陪睡，卻被狗仔高超的技巧陷落了！

〈成為天才的捷徑〉
全學年最後一名的班長蠢到把八卦雜誌胡說八道的專欄當真，認為瘋狂愛愛就可以提升智力成為天才!!!

〈牛丸小姐喜歡牛奶〉
在學時為了厭惡喝牛奶的男生而表現出自己愛喝牛奶的牛丸小姐，長大後與對方不期而遇，開心地嚥下新鮮牛奶。

〈我們很近又很遠〉
住得很近又瞞著雙方父母偷偷交往的兩人，以教學指導的名義獲得留宿男生家的機會，兩人情不自禁地……。

〈幹砲the海岸〉
振興生意慘淡的海邊生意，舉辦「大胃王」活動！吃完指定餐點不僅免費招待，還可任選一位女店員做臉紅心跳的事情唷！

〈醉愛中chu!♡〉
與男友吵架在外喝醉走錯家門的鄰居大姊姊，面對暗戀自己的男生，不禁春情蕩漾地挑逗了對方起來！

〈潮騷〉
在祭典活動裡因朋友調侃彼此有愛戀而拌嘴的兩人，負氣跑到河堤的女孩與追上去想道歉的男孩，產生了微妙的情愫。

〈第三代豚醬Lovers〉
喜愛的麵店要因老闆沉溺在買春上而結束營業了！真心喜愛這家店與老闆的女店員，只好用身體來拯救這間店了！

〈前輩只有139.9cm〉
因身高與身材又被誤會成小孩子的女友正在氣噗噗，貼心男友拿出性感泳裝讓女友一展成熟魅力！","","",320,"204/10",https://exhentai.org/g/2236167/f6e0f38078/,K4W1H0R53,SCAN,"",""
DAV-021,NO,おもちかえり,Omochikaeri,外帶回家,ワニマガジン社,楝蛙,Ouchi Kaeru,"2020-10-15","2021-07-08",https://www.wani.com/product/4862697372/,https://future-digi.com/index.php?route=product/product&path=70_101&product_id=486,"2018年推出個人第一本作品集《春與青》獲得廣大的好評與迴響，並開始在成人漫畫雜誌《COMIC快樂天》進行新作品刊登發表的成人漫畫家楝蛙，用一貫的清新筆觸，加上更為成熟洗鍊的圓潤女體畫法，在第一本作品集以後，更豐富地用多元的敘事方式詮釋女孩子們的色氣性格，在《春與青》推出的相隔兩年後，再次推出個人第二本作品集《外帶回家》，這次將可看見9位沉溺在性愛的色女子淫亂的風貌！

《外帶回家》收錄了楝蛙2018年至2020年三年間的成人作品。包含：〈你丟我撿〉、〈來東京的穗香小姐〉、〈找秘密〉、〈夜裡的下酒菜〉、〈忐忑不安〉、〈打雜女〉、〈年齡確認〉、〈躲雨〉、〈暑假活動〉共9篇短篇作品。

封面書衣以五色印刷，雙書衣包裝，完整保留日文原版封面的感覺，特別推出無修正版本，可一覽無遺每位女孩讓人臉紅心跳的情愛畫面。

※本書為18禁限制級內容，18歲以下不宜閱讀與購買。
〈你丟我撿〉
被男友冷落的女孩，為了證明自己的女性魅力，在男友的好友面前脫下了衣服……。

〈來東京的穗香小姐〉
剛醒來就發現前女友裸身騎乘在自己身上!?前一晚錯過末班車又身無分文的她，難道全是預謀好的嗎？

〈找秘密〉
意外發現藏起來的SM拘束用品，原來男生隱瞞自己是被虐狂，溫柔貼心的女孩自然要使命必達地滿足男生的性慾！

〈夜裡的下酒菜〉
老公出差，好友住太遠，煮了一桌好菜想找人一起喝酒的時刻，腦中浮現的最佳人選，將成為夜裡的下酒菜。

〈忐忑不安〉
「再做最後一次吧？」與自己好友開始交往的性伴侶提出的最後請求，潛藏在性愛下複雜的愛戀心情。

〈打雜女〉
時常被人亂塞工作的打雜女叫住了男孩請求協助，在無人的雜物間，一起做事的男女，女孩吐露了真正的目的……。

〈年齡確認〉
老闆的好色女兒顧店中！前來買酒的客人需要成年證明，到底要透過怎樣的驗證才能順利買到酒呢？

〈躲雨〉
相隔兩地迫不急待相見的戀人，在下雨的日子相會，渴望著彼此、愛戀著彼此，忍不住大膽地做個不停！

〈暑假活動〉
每年一次的暑假返鄉，同時也是男子與女子幽會親熱的日子，沉溺在情慾之中的夏日時光。","","",320,"180/2",https://exhentai.org/g/2236119/2c77575baa/,K4W1H0R53,SCAN,"male:dark skin,male:shotacon,female:bondage,female:cheating,female:glasses,female:milf,female:schoolgirl uniform,female:shibari,female:small breasts,other:tankoubon,other:uncensored",""
DAV-022,NO,夢見ル乙女,Yumemiru Otome,痴夢少女,ワニマガジン社,愛上陸,Aiue Oka,"2016-12-29","2021-08-20",https://www.wani.com/product/4862694721/,https://future-digi.com/index.php?route=product/product&path=70&product_id=491,"集結NTR、催眠、調教、凌辱、背德、墮落、醜男、高潮顏、性奴隸……等重口味元素，催淫系成人漫畫家的頂端──愛上陸，被讚譽為成人漫畫雜誌《COMIC X-EROS》的逸足。擅長描繪以高超技巧不斷陷墮許多純真無邪的女孩子，敘事方式成為許多催眠調教系漫畫的典範，經典代表作「少女」系列呈現了一個荒淫陰暗的世界，一位為了守護心愛妹妹的姊姊，身心直至菊花都墮落在歡愉中的故事，正式推出無修正繁中版1st作品集《痴夢少女》!!!

《痴夢少女》收錄：〈花落少女 ～序章〉、〈痴夢少女〉、〈花落少女〉、〈交融少女〉、〈沉淪少女〉、〈夕顏〉、〈隔壁的青梅竹馬〉、〈不潔的青梅竹馬〉、〈夏日狂亂〉共9篇短篇作品。

封面書衣以五色印刷，雙書衣包裝，完整保留日文原版封面的感覺，特別推出無修正版本，可一覽無遺每位女孩讓人臉紅心跳的情愛畫面。

劇情大綱
〈花落少女 ～序章～〉
身陷在一群大叔們眼前赤身裸體的女孩，沉淪在情慾之中自願開腿張穴的原因……!!?

〈痴夢少女〉
與姊姊瑞希在同一所校園的妹妹愛華有著不為人知的禁忌戀情，某日被愛慕的人帶去一間充滿陌生大叔的房子裡。

〈花落少女〉
正直充滿正義感的瑞希被厭惡的好色教師叫到辦公室，並驚見愛華的性愛影片，為了親愛的妹妹，瑞希做了抉擇。

〈交融少女〉
從被迫到享受其中，瑞希正直純潔的心慢慢動搖，瑞希與愛華兩姊妹終於相會，但卻一起沉淪於歡愉之中。

〈沉淪少女〉
重生的瑞希與愛華開始過著與人交歡的淫亂生活，純真可愛的臉龐之下，有著發育成熟的美好肉體。

〈夕顏〉
令人憧憬的女教師最近每晚都會被怪夢驚醒，夢中自己入夜就會像痴女般被噁心的學生玩弄，到底是為什麼呢？

〈隔壁的青梅竹馬〉
心儀的青梅竹馬被星探挖掘，自己卻違心賭氣說了惹她不高興的話，一個星期以後，收到了一包神秘包裹。

〈不潔的青梅竹馬〉
自從看過青梅竹馬的出道影片以後，兩人就陷入了異常的性慾漩渦中，甚至連自己好友都……。

〈夏日狂亂〉
與前輩們一起的夏日旅行，男友卻因工作而無法同樂，一陣酒酣耳熱之後，年輕男女們的狂歡派對即將開始!!!","","",320,"232/8",https://exhentai.org/g/2050738/3d8e65ad4b/,虚言卿,BW,"male:bbm,male:glasses,female:ahegao,female:anal,female:big breasts,female:blowjob,female:business suit,female:cheating,female:double penetration,female:drugs,female:hair buns,female:hairy,female:impregnation,female:milf,female:mind break,female:mind control,female:nakadashi,female:pantyhose,female:pregnant,female:stockings,female:swinging,female:teacher,mixed:ffm threesome,mixed:group,mixed:mmf threesome,other:tankoubon,",""
DAV-023,NO,イジラレ,Ijirare ~Fukushuu Saimin~,將計就計～復讐催眠～,ワニマガジン社,愛上陸,Aiue Oka,"2019-03-28","2021-08-20",https://www.wani.com/product/4862696317/,https://future-digi.com/index.php?route=product/product&path=70&product_id=492,"被讚譽為成人漫畫雜誌《COMIC X-EROS》逸足的催淫系成人漫畫家頂端──愛上陸，擅長以NTR、催眠、調教、凌辱、背德、墮落、醜男、高潮顏、性奴隸……等重口味元素，描繪用高超技巧不斷陷墮許多純真無邪的女孩子，敘事方式成為許多催眠調教系漫畫的典範，在推出1st作品集《痴夢少女》獲得巨大的迴響以後，創作了催眠系巔峰之作《將計就計～復讐催眠～》，以逮住他人把柄進而霸凌的三位女子，本想練習催眠人，卻不小心遭到受虐男子的反催眠成功，進而成為復仇的開端。

《將計就計～復讐催眠～》除了連載的第1～5話與最終話等6話以外，單行本特別加筆繪製〈結局〉，描述受虐男子與三位女子在最終催眠復仇成功以後的生活。

封面書衣以五色印刷，雙書衣包裝，完整保留日文原版封面的感覺，特別推出無修正版本，可一覽無遺每位女孩讓人臉紅心跳的情愛畫面。

劇情大綱
〈第1話〉
被野上泉美、日向紗英、真田美菜子三位女子握有把柄慘遭霸凌的受虐男子田崎，某天因為野上泉美想在歡送會上表演催眠術，意外地讓田崎成功催眠了她們三人，長期遭受凌虐的田崎開始了個人的復仇催眠……。

〈第2話〉
野上泉美、日向紗英、真田美菜子三人受到催眠暗示，將霸凌男性的認知錯亂成為侵犯男性能讓對方感到羞辱，三人沉溺在與田崎性愛受孕的瘋狂之中。

〈第3話〉
不經意看見田崎包包裡掉出的一本催眠術書籍，讓野上泉美產生了奇妙的違和感，似乎有什麼不大對勁與誤解，在百思不得其解之下，她撿到田崎的日記本……。

〈第4話〉
一切水落石出！野上泉美終於知道那些違和感的原因了，集結日向紗英和真田美菜子兩人一起將田崎約了出來準備報復，田崎的催眠復仇即將落幕!!?

〈第5話〉
揭發了田崎所隱瞞的事實，野上泉美、日向紗英和真田美菜子不再有迷惘，安心地將切的異常化為她們三人再正常不過的日常生活！

〈最終話〉
確定受孕的野上泉美，最終迎來長期欺凌他人的結局將會是!!?

〈結局〉
一改以往跋扈蠻橫態度的野上泉美、日向紗英和真田美菜子三人，在經歷了田崎催眠復仇的事件以後的日子。","","",350,"242/2",https://exhentai.org/g/2007158/bee087f5e5/,虚言卿,BW,"male:bbm,male:glasses,female:anal,female:big breasts,female:blowjob,female:impregnation,female:mind control,female:nakadashi,female:paizuri,female:pregnant,female:schoolgirl uniform,female:tanlines,mixed:group,other:story arc,other:tankoubon,",""
DAV-024,NO,ないみつ,Naimitsu,守密,ワニマガジン社,かるま龍狼,Karma Tatsurou,"2018-09-27","2021-09-15",https://www.wani.com/product/486269585x/,https://future-digi.com/index.php?route=product/product&path=70&product_id=500,"「這個漫畫好奇怪～～」
「我到底看了三小!?」
「不管這個作者嗑了什麼，全都給我來一點！」
「奇怪的知識又增加了！」
「今天網路用得夠多了……」

網路上一致盛讚的鬼才漫畫家「業龍狼（かるま龍狼）」，自成人漫畫雜誌《COMIC快樂天》創刊便開始刊載作品，腦洞大開的荒謬故事，具有一秒讓人捧腹大笑、下一秒逼人冷卻消腫、再看下去又誘人情慾噴張，創造了獨樹一格的架空奇想世界，將「性」自然地融入到日常生活之中，沒有任何避諱，百無禁忌的翻玩歐金金到極致。適逢業龍狼日文單行本創作累計至第29本，d/art特別推出《守密》與《裸空間世界的日常》兩本無修正繁中版作品集！

1st繁中版作品集《守密》收錄了業龍狼2016年至2018年三年間的成人作品。包含：〈中大獎〉、〈4D SEX〉、〈一起燃燒〉、〈晨吻〉、〈公眾自慰〉、〈裸體雨衣〉、〈體育用品室之夜〉、〈考完試後想幹的事〉、〈ONAKIN停機〉、〈學長！〉、〈自家發電〉、〈洗完澡後的…〉共12篇短篇作品。

封面書衣以五色印刷，雙書衣包裝，完整保留日文原版封面的感覺，特別推出無修正版本，可一覽無遺每位女孩讓人臉紅心跳的情愛畫面。","","",320,"195/4",https://exhentai.org/g/2262844/a94903a048/,K4W1H0R53,SCAN,"",""
DAV-025,NO,裸空間の世界とか,Rakuukan no Sekai toka,裸空間世界的日常,ワニマガジン社,かるま龍狼,Karma Tatsurou,"2020-11-30","2021-09-15",https://www.wani.com/product/4862697461/,https://future-digi.com/index.php?route=product/product&path=70&product_id=501,"「這個漫畫好奇怪～～」
「我到底看了三小!?」
「不管這個作者嗑了什麼，全都給我來一點！」
「奇怪的知識又增加了！」
「今天網路用得夠多了……」

網路上一致盛讚的鬼才漫畫家「業龍狼（かるま龍狼）」，自成人漫畫雜誌《COMIC快樂天》創刊便開始刊載作品，腦洞大開的荒謬故事，具有一秒讓人捧腹大笑、下一秒逼人冷卻消腫、再看下去又誘人情慾噴張，創造了獨樹一格的架空奇想世界，將「性」自然地融入到日常生活之中，沒有任何避諱，百無禁忌的翻玩歐金金到極致。適逢業龍狼日文單行本創作累計至第29本，d/art特別推出《守密》與《裸空間世界的日常》兩本無修正繁中版作品集！

2nd繁中版作品集《裸空間世界的日常》收錄了業龍狼2018年至2020年三年間的成人作品。包含：〈今天的裸空間〉、〈一如往常的裸空間〉、〈隔壁有奶〉、〈裝設業者〉、〈破處劵〉、〈冰涼涼的肉棒〉、〈在雪人中說晚安〉、〈聖誕老人的鬍子〉、〈夜襲〉、〈逆夜襲〉，共10篇短篇作品。

封面書衣以五色印刷，雙書衣包裝，完整保留日文原版封面的感覺，特別推出無修正版本，可一覽無遺每位女孩讓人臉紅心跳的情愛畫面。","","",320,"176/2",https://exhentai.org/g/2262659/4a80c1a46e/,K4W1H0R53,SCAN,"",""
DAV-026,NO,いろとりどり,Irotoridori,色彩繽紛,ワニマガジン社,東出イロドリ,Higashide Irodori,"2021-03-30","2021-09-15",https://www.wani.com/product/4862697712/,https://future-digi.com/index.php?route=product/product&path=70&product_id=502,"2013年以成人漫畫家身分出道的東出彩（東出イロドリ），在日本成人漫畫雜誌《COMIC失樂天》刊載作品，以較多頁的短篇形式詮釋貼近現實的細膩情感，透過畫面表現氣味、聲音、光影等感官刺激， 呈現一段一段迷人的男女情事，創作至今首次推出個人1st作品集《色彩繽紛》，收錄了發表在雜誌時，在推特上提及漫畫標題字是責任編輯親自揮毫書寫引起話題的短篇漫畫〈青莓〉，以及描繪防疫居家工作產生的曝露性癖〈高漲的心跳〉，還有漫畫家職涯重要轉淚點的作品〈酸檸滋味〉，一起感受東出彩打造出來輕柔浪漫的《色彩繽紛》吧！

1nd繁中版作品集《色彩繽紛》收錄了東出彩2019年至2021年三年間的成人作品。包含：〈小惡魔的誘惑〉、〈酸檸滋味〉、〈只為你閃耀〉、〈可以撒嬌嗎？〉、〈高漲的心跳〉、〈OVEROVEROVER!〉、〈青莓〉，共7篇短篇作品。

封面書衣以五色印刷，雙書衣包裝，完整保留日文原版封面的感覺，特別推出無修正版本，可一覽無遺每位女孩讓人臉紅心跳的情愛畫面。","","",320,"180/4",https://exhentai.org/g/2196012/022f7f0069/,虚言卿,BW,"male:condom,female:beauty mark,female:blowjob,female:cunnilingus,female:freckles,female:hairy,female:kissing,female:leg lock,female:nakadashi,female:pantyhose,female:ponytail,female:schoolgirl uniform,female:stockings,female:sweating,other:tankoubon,",""
DAV-027,NO,アザトメイキング＋,Azato Making Shokai Genteiban +,打造壞壞小心機＋,ワニマガジン社,みちきんぐ,Michiking,"2020-01-29","2021-11-04",https://www.wani.com/product/4862697615/,https://future-digi.com/index.php?route=product/product&path=70&product_id=509,"d/art畫廊創立以來，開展當日來場人數最高！排隊人潮直逼西門捷運站6號出口！日本成人漫畫雜誌《快樂天》的頂端，被尊稱為神級漫畫家──米奇王（みちきんぐ），2021年4月同時發行《主僕狂熱》與《打造壞壞小心機》初回限定版，時隔半年以通常版形式推出《打造壞壞小心機+》，特別收錄了〈織繪打造小心機〉與〈很會拜託的風子〉兩篇短篇作品！

《主僕狂熱》活躍的紫音女僕，以及充滿許多色女的螃蟹雜誌編輯部，在《打造壞壞小心機+》也會再次登場，螃蟹雜誌編輯部的眾色女編輯更是成為主要的故事線發展，並且在特別收錄〈織繪打造小心機〉之中，描述了編輯長、安里編輯與舊姓月本的月本編輯三人私下的情色對談！

3rd繁中版作品集《打造壞壞小心機+》收錄了米奇王2016年至2020年五年間的成人作品。包含：〈主僕情感〉、〈主僕夢境〉、〈主僕夢境〜turn紫音〜〉、〈新人編輯　月本小姐〉、〈至極編輯　佐藤小姐〉、〈新婚編輯　（舊姓）月本小姐〉、〈性惡編輯　安里小姐〉、〈勿忘＊愛〉、〈好色編輯　安里小姐〉、〈遜炮婊低潮期　安里小姐〉、〈充滿魅力而致命的她〉、〈打造壞壞小心機+〉、〈織繪打造小心機〉、〈很會拜託的風子〉，共計14篇短篇成人作品。

劇情大綱
〈主僕情感〉
蓮華女主人的男友來到家裡一起念書，身為效忠圓城寺一家的女僕紫音與櫻子當然要好好款待一番！等等，櫻子似乎懷有別心在熱情招待呢！〈主僕夢境〉毒舌女僕紫音嬌嗲惹人疼愛的模樣騎乘在身上!?不不，這一定是一場夢！

〈主僕夢境〜turn紫音〜〉
白天被紫音女僕強制射精管理的主人，每晚都做著春夢，在半夢半醒之間，似乎有著比春夢還香豔刺激的事情發生了!?

〈新人編輯　月本小姐〉
剛入社就擔任高人氣漫畫家編輯的月本小姐遇到了老師靈感枯竭的低潮期了！為了嚴守截稿日，月本小姐用盡全身來激發老師的創作了！

〈至極編輯　佐藤小姐〉
咦？獎勵!?真的假的？總是給人一臉淡漠的工作狂感覺，有著一副性感的身材讓人著迷，給予新人漫畫家極為嚴格指導的魔鬼編輯佐藤小姐？本篇也是遜炮婊安里小姐的初登場！

〈新婚編輯（舊姓）　月本小姐〉
與人氣漫畫家新婚的月本小姐正沉迷在幸福當中，等等！安里小姐在窺伺丈夫嗎？為了自己的幸福，月本小姐豁出去了！

〈性惡編輯　安里小姐〉
自稱是「最討厭處男的綠茶婊」的安里小姐大活躍！不但利用處男同事幫忙減輕工作，還不參加編輯長的慶生會開溜，想嚐盡美男的安里小姐卻陷入了兩難的局面!?

〈勿忘＊愛〉
身為男子漢當然要幫助被壞人追逐的少女解圍！沒有家庭溫暖，隻身來到東京的鄉下男孩，與神祕少女一段愛的物語。

〈好色編輯　安里小姐〉
被編輯長惡整的安里小姐終於要桃花盛開了嗎？受到編輯長的招待參與豪華戀愛派對，這次安里小姐大膽地色誘美男子，咦？怎麼又是這種結局？

〈遜炮婊低潮期　安里小姐〉
煩躁、苦悶、各種火大，無論參加聯誼或是聚會都提不起勁，沒搭上夜班車而回到公司的安里小姐，看到被她破處的男同事認真加班工作的身影，兩人逐漸產生的情愫……

〈充滿魅力而致命的她〉
不小心溺水慘遭滅頂，被可愛的女孩子救起來以後，充滿生存的情慾性愛！

〈打造壞壞小心機+〉
編輯長與安里小姐在化妝室的女人談心時間，嘴硬使壞的安里小姐，依然栽在編輯長的手中？

〈織繪打造小心機〉
月本小姐顯露了去裁縫教室的手藝成果，可是做出來的衣服好像怪怪的耶!?

〈很會拜託的風子〉
買了新泳裝就該怎麼辦呢？無論工作有多繁忙，「不…想一起去嗎？」風子誠心誠意地拜託了！","","",350,"208/24",https://exhentai.org/g/2047429/934b4671b5/,tako_233,BW,"",""
DAV-029,NO,恋染まーきんぐ,Koizome Marking,戀染標記,ワニマガジン社,オクモト悠太,Okumoto Yuuta,"2017-02-18","2021-12-31",https://www.wani.com/product/4862694772/,https://future-digi.com/index.php?route=product/product&path=70&product_id=517,被譽為實用性歐派的神乳級別成人漫畫家澳本悠太（オクモト悠太），在愛好者之間有著看胸部就可區分「悠太奶」的作畫魅力，2012年在日本成人漫畫雜誌《COMIC快樂天BEAST》出道並刊載作品，主要描繪姊系甜的情愛故事。台灣首次推出一次四本繁中化作品！,"","",320,"224/16",https://exhentai.org/g/2099907/49c90ed5be/,WssryR,BW,"male:glasses,female:big breasts,female:bikini,female:cheating,female:dark skin,female:drunk,female:garter belt,female:gyaru,female:kimono,female:maid,female:milf,female:nakadashi,female:netorare,female:nurse,female:paizuri,female:ponytail,female:schoolgirl uniform,female:stockings,female:swimsuit,female:tanlines,mixed:ffm threesome,mixed:group,other:tankoubon,",""
DAV-030,NO,ハメちち!,Hamechichi! - Let's Make Love Oppai!,狂戀歐派!,ワニマガジン社,オクモト悠太,Okumoto Yuuta,"2018-07-31","2021-12-31",https://www.wani.com/product/4862695744/,https://future-digi.com/index.php?route=product/product&path=70&product_id=518,"被譽為實用性歐派的神乳級別成人漫畫家澳本悠太（オクモト悠太），在愛好者之間有著看胸部就可區分「悠太奶」的作畫魅力，2012年在日本成人漫畫雜誌《COMIC快樂天BEAST》出道並刊載作品，主要描繪姊系甜的情愛故事。台灣首次推出一次四本繁中化作品！

2nd繁中版作品集《狂戀歐派!》收錄了澳本悠太2016年至2018年三年間的成人作品。包含：〈春意盎然Cool Girl〉、〈家教性活〉、〈更多的!家教性活〉、〈甜甜的鹹鹹的〉、〈用白坂老師射出來〉、〈愛上姊姊的朋友〉、〈愛上大姊頭〉、〈曖昧關係境界線〉、〈秘密花園四重奏〉、〈大姊姊的工作〉、〈性徒會長好厲害!〉，共計11篇。

封面書衣以五色印刷，雙書衣包裝，完整保留日文原版封面的感覺，特別推出無修正版本，可一覽無遺每位女孩讓人臉紅心跳的情愛畫面。


劇情大綱
〈春意盎然Cool Girl〉
少根筋的傻氣男孩與沉默寡言的帥氣女孩，沒有交集的兩人陰錯陽差的產生一絲愛戀，成為春意盎然的開始。

〈家教性活〉
擔任家教兩個月，指導的女學生成績能提升多少還未知，但卻已對學生媽媽的身體瞭解得一清二楚。

〈更多的!家教性活〉
本應晚回家的女兒提早回家撞見媽媽與家教的親熱現場，一臉不在乎的表情準備學習，實際上卻是賭氣隱忍，不甘自己年輕的魅力卻輸給母親，只好展現青春的肉體一決勝負！

〈甜甜的鹹鹹的〉
超商下班後收留了一位離家出走的少女，隔天醒來看見她滿懷感激地弄了一頓早餐，不過等等…鹹的玉子燒？玉子燒應該是甜的吧？不對！關西的玉子燒是鹹的！鹹的、甜的……她留下的味道是甜甜的。

〈用白坂老師射出來〉
性感美豔的白坂老師總是男性視線的焦點，實際上她不為人知的一面是下課後躲在校舍自慰淫想著被人強迫性交的變態女教師，直到那天被人發現她的醜態……。

〈愛上姊姊的朋友〉
被姊姊使喚開車的弟弟，載著姊姊兩位閨蜜到海邊遊玩，一位成熟性感，一位可愛漂亮，本應高攀不上的兩位美人在夏日的海邊有著意想不到的展開！

〈愛上大姊頭〉
總是很酷帥的大姊頭難得主動邀人談心，原來是大姊的弟弟與兩位閨蜜自從去了海邊旅行以後，三人大談開放式戀愛讓她感到些許孤單，堅強的大姊頭流露出如此柔弱的模樣，讓人忍不住想擁入懷中！

〈曖昧關係境界線〉
聯誼認識的漂亮正妹一起喝醉度過了一夜情，後來超展開演變成為肉體關係，兩人有默契的不干涉彼此生活，僅僅相約做愛，但這樣劃清界線真的好嗎？

〈秘密花園四重奏〉
吃遍全校帥哥的色女終於將魔手伸進園藝社了！有著壯碩體格的兩位男社員卻絲毫不見他們被誘惑起色心，還跟溫柔帶有母性光輝的女教師相處愉快，即使是草食男也太佛系了吧？

〈大姊姊的工作〉
表姊總是穿著清涼露著內褲在家裡晃來晃去，遊手好閒沒事就癱睡在家中彷彿這就是她的工作，慵懶的模樣讓人想入非非想侵犯……。

〈性徒會長好厲害!〉
被兩位不良學生叫到無人倉庫的學生會長，對自己將被侵犯的危險立場毫無自覺，當雙手被抓住才終於搞清楚自己的處境，但是情況似乎越來越奇怪了起來!?","","",320,"202/8",https://exhentai.org/g/2104032/96ec82ab7f/,WssryR,BW,"language:chinese,language:translated,artist:okumoto yuuta,male:glasses,female:big breasts,female:bikini,female:dark skin,female:double penetration,female:milf,female:oyakodon,female:pantyhose,female:schoolgirl uniform,female:stockings,female:swimsuit,female:twintails,mixed:ffm threesome,mixed:group,mixed:mmf threesome,other:tankoubon,other:watermarked,",""
DAV-031,NO,ちちまみれ,Chichi Mamire - Tits! Tits! Tits!,奶香世家,ワニマガジン社,オクモト悠太,Okumoto Yuuta,"2019-07-31","2021-12-31",https://www.wani.com/product/4862696538/,https://future-digi.com/index.php?route=product/product&path=70&product_id=519,"被譽為實用性歐派的神乳級別成人漫畫家澳本悠太（オクモト悠太），在愛好者之間有著看胸部就可區分「悠太奶」的作畫魅力，2012年在日本成人漫畫雜誌《COMIC快樂天BEAST》出道並刊載作品，主要描繪姊系甜的情愛故事。台灣首次推出一次四本繁中化作品！

3rd繁中版作品集《奶香世家》收錄了澳本悠太2017年至2019年三年間的成人作品。包含：〈人妻天堂 海灘行！〉、〈雙子口味換換看！〉、〈真正的美紀同學〉、〈快遞野獸人妻〉、〈你的姊姊讓我很操勞〉、〈嬌小的大山小姐〉、〈真搞不懂妳呀！黑川小姐〉、〈Steal偷天換日〉、〈老師妳在幹什麼啊! 〉、〈Rebound Catch〉、〈人妻天堂 朋友的回合!〉，共計11篇。

封面書衣以五色印刷，雙書衣包裝，完整保留日文原版封面的感覺，特別推出無修正版本，可一覽無遺每位女孩讓人臉紅心跳的情愛畫面。

劇情大綱
〈人妻天堂 海灘行！〉
想改頭換面的男孩下定決心與朋友要去夏日海灘展開一場浪漫邂逅，不過卻徹底慘敗！正當心灰意冷時，被三位年輕人妻逆搭訕，男孩們從海邊誤闖進充滿著乳香的人妻天堂!?

〈雙子口味換換看！〉
住在附近從小看到大的鄰家姊妹花，本以為長大以後會漸漸疏遠，沒想到外向的妹妹會對自己告白，而且一次交往兩姊妹一起!?連同害羞內向的姊姊!?真有這麼好康的事情!?

〈真正的美紀同學〉
有著帥氣外型且是運動社團社長的男孩，本來應該超受女生歡迎，可是卻有著一開口就讓人失望的糟糕口才，如此絕望的處境之下，為了破處只好試著找看起來超色超會玩的美紀同學告白看看了!!!

〈快遞野獸人妻〉
這棟大樓的送貨人員汰換率居高不下，每一扇敞開的家門裡頭都散發出好色人妻濃濃的雌性賀爾蒙香味，性感、淫蕩、清純、美艷……，任君挑選的飢渴人妻們等待新貨開箱！

〈你的姊姊讓我很操勞〉
「不良少女、暴力女、男人婆」好友口中形容的姊姊卻是自己超迷戀的女神，但是女神不愛與年紀小的男生交往，所以告白沒有成功，可是卻超展開的成為肉體關係的砲友!?

〈嬌小的大山小姐〉
雖然身材嬌小但是胸部卻不小的大山小姐，帶著高大的小山先生一起辦公拜訪廠商，回程遇到暴雨導致電車全部停駛，可避雨的旅館也僅剩一間房間，淋濕衣服的兩人急速靠近的距離。

〈真搞不懂妳呀！黑川小姐〉
因為自己一句隨口透露出好感的話語，促成與管理員黑川小姐發展出奇妙的肉體關係，不給親吻不給做愛，單方面被黑川小姐實施射精管理，是好感？還只是她的玩具？讓人無法理解的黑川小姐。

〈Steal偷天換日〉
回家路上被前女友的妹妹堵到，明明已經與前女友分手了，她妹妹卻時常來糾纏不休找麻煩，還硬坳了一頓晚餐吃，吃完還以姊姊與新男友在家裡親熱為由要跑來我家？

〈老師妳在幹什麼啊!〉
與畫風大膽又過激的人氣成人漫畫家曾是同一漫畫社團的關係擔任漫畫助手，沒想到老師會是性感漂亮的美女，不僅用美艷的臉蛋討論著大膽過激的作畫內容，甚至用自己身體取材拍照，等等！這樣太刺激了！

〈Rebound Catch〉
矮小的他迷戀的她，是一位籃球打得比男生好，身高又高的帥氣女孩，男孩鼓起勇氣向心儀的她告白，卻被回問「為…為什麼？」而大受打擊，沒接著聽下去就倉促逃離現場，當兩人再次相遇，女孩棄而不捨的追上逃跑的男孩……

〈人妻天堂 朋友的回合!〉
三位年輕人妻在海邊逆搭訕年輕男孩們，在各自的角落享受著乳香四溢的人妻天堂！","","",320,"184/8",https://exhentai.org/g/2104033/1baf7dad22/,WssryR,BW,"language:chinese,language:translated,artist:okumoto yuuta,female:big breasts,female:bikini,female:dark skin,female:ponytail,female:schoolgirl uniform,female:stockings,female:swimsuit,female:twintails,other:tankoubon,other:watermarked,",""
DAV-032,NO,ぱい♡ぱれーど,Pai Parade,歐派♡遊行,ワニマガジン社,オクモト悠太,Okumoto Yuuta,"2020-12-15","2021-12-31",https://www.wani.com/product/4862697496/,https://future-digi.com/index.php?route=product/product&path=70&product_id=520,"被譽為實用性歐派的神乳級別成人漫畫家澳本悠太（オクモト悠太），在愛好者之間有著看胸部就可區分「悠太奶」的作畫魅力，2012年在日本成人漫畫雜誌《COMIC快樂天BEAST》出道並刊載作品，主要描繪姊系甜的情愛故事。台灣首次推出一次四本繁中化作品！

4th繁中版作品集《歐派♡遊行》收錄了澳本悠太2019年至2020年兩年間的成人作品。包含：〈小梢姊姊與我〉、〈我的青梅竹馬超強 前篇〉、〈我的青梅竹馬超強 後篇〉、〈全力以赴〉、〈我們有老師在!!〉、〈完美身材！〉、〈一夜之狼！〉、〈完全搞不懂！〉、〈適性×○！〉、〈我的青梅竹馬超強 Bonus Stage〉，共計10篇。

封面書衣以五色印刷，雙書衣包裝，完整保留日文原版封面的感覺，特別推出無修正版本，可一覽無遺每位女孩讓人臉紅心跳的情愛畫面。


劇情大綱
〈小梢姊姊與我〉
每年回鄉過節，親戚的女兒總是在兩人獨處時，用曖昧的口吻試探著我，讓人不禁想像著……。

〈我的青梅竹馬超強 前篇〉
明明單身卻好面子而撒謊誇口說自己有交往已久的女友，只好求助就讀不同學校的青梅竹馬佯裝女友，沒想到她一口答應幫忙，只是要提供一定程度的……報酬!?

〈我的青梅竹馬超強 後篇〉
在學校超受歡迎的青梅竹馬，為了避免男生糾纏也謊稱自己有交往已久的男友，這次立場互換，佯裝成她的男友！

〈全力以赴〉
看似高冷的前輩在公司其實非常照顧犯錯的新人，總是會一起全力挽救錯誤，是令人憧憬的女性，沒想到自己這份心意卻在婉拒聯誼以有心上人為由時，被前輩聽到了……

〈我們有老師在!!〉
游泳社新來了一位顧問女教師，二話不說就先以吃了一輪社員們!?到底是怎麼回事!!!

〈完美身材！〉
想改變瘦弱的自己報名了一對一健身課程，沒想到教練是住在隔壁鄰居的美人妻，有著一副性感曼妙的身材，讓人忍不住訓練到一半就在她眼前勃起了!!!

〈一夜之狼！〉
借住老哥家過夜，沒想到去參加同學會的哥哥喝到爛醉回家，還外帶了一位女生回來，醉倒昏睡的老哥，與兩個陌生男女的夜晚……

〈完全搞不懂！〉
教導鄰座沉默寡言的男同學念書，才發現相處起來非常自在與溫柔，漸漸地開始在意反應冷淡的他，究竟該怎麼辦才能引起他注意呢？

〈適性×○！〉
為了剛交往的兩人，愛拌嘴的男孩與女孩陪同友人一起進行二對二的四人約會，在人潮擁擠的祭典中，原本只是幫助朋友的兩人，情感逐漸升溫。

〈我的青梅竹馬超強 Bonus Stage〉
超受歡迎的青梅竹馬被拜託參加學校的選美比賽，為了挑選出場衣服而苦惱著，只要幫她挑選，就有優渥的獎勵！","","",320,"180/4",https://exhentai.org/g/2104034/7522f5efa0/,WssryR,BW,"language:chinese,language:translated,artist:okumoto yuuta,female:big breasts,female:bikini,female:kimono,female:ponytail,female:schoolgirl uniform,female:stockings,female:swimsuit,female:twintails,mixed:group,other:tankoubon,other:watermarked,",""
DAV-033,NO,プロトタイプ マドモアゼル,Prototype Mademoiselle,試作型千金小姐,ワニマガジン社,"40010試作型",Shimanto Shisakugata,"2017-03-17","2022-01-24",https://www.wani.com/product/4862694802/,https://future-digi.com/index.php?route=product/product&path=70&product_id=524,"在LO漫界被視為絕對王者存在的日本成人漫畫家40010試作型，其筆名「40010」被譽為「神的代碼」，幾乎可視為LO漫同好辨識彼此是否為LO漫愛好者的默契與暗號，40010試作型的作品只要一刊載，當期雜誌就會暴增銷售量，此現象被稱為「40010衝擊」，並收錄於《現代蘿莉控用語的基礎知識》中，2022年開春，d/art將推出40010試作型最初單行本《試作型千金小姐》繁中版！


《試作型千金小姐》收錄了40010試作型2011年至2016年六年間的成人作品。包含：〈In&Go〉、〈傳說的繼承者〉、〈狼女報告〉、〈小唯沒戒心〉、〈DACDAC&SCREEN〉、〈偷偷插入〉、〈打手槍達令〉、〈誘蛾燈〉、〈Secret Brown〉、〈暫時停止時間!〉、〈代代木千金小姐〉，共計11篇。

封面書衣以五色印刷，雙書衣包裝，完整保留日文原版封面的感覺，特別推出無修正版本，可一覽無遺每位女孩讓人臉紅心跳的情愛畫面。

劇情大綱 〈In&Go〉

氣質優雅的千金大小姐其實私底下卻是好色主動的變態小色女!?

〈傳說的繼承者〉
平常不被當成女性看待，直到兒時玩伴為了要拍Coser收購到傳說相機需要模特兒來練習拍照……。

〈狼女報告〉
好友們眼中看似純情天真的女友其實是滿腦子色色事情的小淫娃！

〈小唯沒戒心〉
對身邊的每一個人都很友善，溫和開朗的一位──好‧女‧孩。

〈DACDAC&SCREEN〉
親熱為何要在視聽教室呢？因為有一個有趣的功能在這裡可以〝投影〞！

〈偷偷插入〉
總是跑來家裡玩且大辣辣地說著自己的荒淫經驗的鄰家女孩，讓人想入非非到忍不住……。

〈打手槍達令〉
因初體驗不順暢過著有愛無性生活的情侶，從看著女友手淫自慰開始演變成奇怪的情況!!!

〈誘蛾燈〉
從剛開始寄人籬下被強迫親熱，直到立場相反成為玩弄陽具的高冷女神。

〈Secret Brown〉
藏在壁櫥裡的祕密被發現了嗎？只好用一根冰棒當作遮口費收買她了！

〈暫時停止時間!〉
用遙控器佯裝時間暫停裝置欺騙容易信以為真的她，結果當她按下以後……。

〈代代木千金小姐〉
在補習班中的千金小姐採用與眾不同的讀書方式，讓人不想移開視線的看著她念書。","","",320,"208/16",https://exhentai.org/g/2122444/46439f204f/,虚言卿,BW,"language:chinese,language:translated,artist:shimanto shisakugata,male:bbm,male:blindfold,male:condom,male:dilf,male:foot licking,male:glasses,male:masturbation,male:shotacon,male:virginity,female:anal,female:defloration,female:double penetration,female:double vaginal,female:exhibitionism,female:filming,female:footjob,female:handjob,female:lolicon,female:pantyhose,female:schoolgirl uniform,female:small breasts,female:stockings,female:sumata,female:tanlines,female:triple penetration,female:twintails,mixed:group,other:tankoubon,other:time stop,",""
DAV-035,NO,NON VIRGIN,NON VIRGIN,NON VIRGIN 平裝版,ワニマガジン社,織田non,Oda non,"2015-11-20","2022-03-09",https://www.wani.com/product/4862693997/,https://future-digi.com/index.php?route=product/product&path=70_101&product_id=527,"人妻熟女漫畫頂端的高人氣成人漫畫家織田non，在日本成人漫畫雜誌《快樂天》連載七年集結而成的傳奇作品《NON VIRGIN》將由d/art三月推出A5開本平裝版《NON VIRGIN》繁中版！

《NON VIRGIN》收錄了織田non 2008年至2014年七年間的成人作品。包含：〈星姦縛鎖〉、〈誘惑X胭脂♥〉、〈slave fantasy〉、〈新進員工的忠誠心〉、〈青梅竹馬CONTI乳〉、〈真夏之夜的淫夢〉、〈學生的報恩〉、〈幽會？〉、〈發情競技場〉、〈堅毅凜然〉、〈我的由紀老師〉、〈我的太太是摔角手〉、〈憧憬的游泳社〉、〈煙霧繚繞初體驗〉、〈秘書的職責〉、〈服從宣言〉、〈封面＆封面女郎短篇故事〉，共計17篇。","","",400,"0/148",https://exhentai.org/g/2209822/162e2503d7/,moesnow,BW,"language:chinese,language:translated,artist:oda non,male:glasses,male:shotacon,female:apron,female:bdsm,female:beauty mark,female:big breasts,female:bikini,female:blackmail,female:blindfold,female:blowjob,female:body writing,female:bondage,female:bukkake,female:collar,female:eye-covering bang,female:eyemask,female:fingering,female:garter belt,female:glasses,female:hairy,female:kimono,female:milf,female:piercing,female:ponytail,female:pregnant,female:schoolgirl uniform,female:sex toys,female:stockings,female:swimsuit,female:teacher,female:twintails,female:waitress,mixed:group,other:full color,other:tankoubon,",""
DAV-036,NO,性なる処女たち,Seinaru Otome-tachi - The Sexual Virgins,神聖性處女,ワニマガジン社,五月猫,Satsuki Neko,"2020-01-29","2022-04-06",https://www.wani.com/product/4862697593/,https://future-digi.com/index.php?route=product/product&path=70_101&product_id=571,"以同人繪師優異的畫技參與同人誌、CG集、音樂CD、電子書等創作內容，2015年開始轉戰成人漫畫創作的日本成人漫畫家五月貓，在日本成人漫畫雜誌《COMIC快樂天BEAST》刊載作品，隔年獲得講談社ラノベ文庫新人賞，憑藉傑出的表現力描繪男歡女愛的情節，以及豐富的故事寫作技巧，嘗試了許多異色故事的詮釋方式，成為備受矚目的創作新銳。d/art正式推出五月貓第一本個人作品集《神聖性處女》繁中版！並且特別隨書贈送繁中版紀念特典──A3摺頁海報！

《神聖性處女》收錄了五月貓2015年至2021年七年間的成人作品。包含：〈普勒阿得斯的呼哨〉、〈一路慘賠的報恩法〉、〈Book Lover Kitty〉、〈飄零散落花之輪迴〉、〈祕密的遺產〉、〈放學後限定♥特別菜單〉、〈忘情雨〉、〈害羞女友〉、〈靦腆女友〉、〈恥力女友〉，共計10篇作品。","","",350,"168/4",https://exhentai.org/g/2209823/7b09b55c59/,moesnow,BW,"female:apron,female:collar,female:ponytail,female:schoolgirl uniform,other:tankoubon,",""
DAV-037,NO,はんじゅくチェリー,Hanjuku Cherry,櫻桃半熟時,ワニマガジン社,utu,utu,"2019-06-28","2022-05-18",https://www.wani.com/product/486269649x/,https://future-digi.com/index.php?route=product/product&path=70&product_id=581,五色印刷雙書衣，內書衣保留日文原版大尺度圖像。 收錄utu從2016年至2019年的成人漫畫作品。  劇情大綱 淫女妄想具現化！ 人前一本正經的女性，私底下會是什麼樣子呢？  《COMIC失樂天》大人氣成人漫畫家utu 以洗鍊的畫技繪製的《櫻桃半熟時》 聚集了高冷、溫柔、酷帥、清純、乖巧、放蕩、 豪爽、健美、嗆辣等共九位不同充滿魅力的女子 一一揭發她們不為人知充滿好色荒淫的一面 窺視在那整齊的衣著下包裹著充滿色氣下流的敏感肉體  《櫻桃半熟時》有著多P雜交、肥臀肉感、大隻馬、 戶外性愛、爆乳、黑肉……等豐富性癖屬性 並且收錄了寢取他人伴侶的NTL短篇代表作 〈洵小姐的偷吃癖（洵さんのツマミグイ）〉  d/art特別推出兩本utu無修正繁中版作品集！ 《櫻桃半熟時》與《入口即化PEACE！》將同步上市！,"","",320,"176/8",https://exhentai.org/g/2227034/df268c5678/,Kira☆Moe,BW,"male:glasses,male:harem,female:anal,female:big breasts,female:blowjob,female:cheating,female:defloration,female:double penetration,female:milf,female:schoolgirl uniform,female:sister,female:tall girl,female:tanlines,female:teacher,female:twintails,mixed:group,mixed:incest,mixed:inseki,other:tankoubon",Upscale by ESRGAN
DAV-038,NO,くちどけピース！,Kuchidoke Peace! - Melt in the mouth bliss,入口即化PEACE！,ワニマガジン社,utu,utu,"2020-10-30","2022-05-18",https://www.wani.com/product/4862697410/,https://future-digi.com/index.php?route=product/product&path=70&product_id=584,五色印刷雙書衣，內書衣保留日文原版大尺度圖像。 收錄utu從2018年至2020年的成人漫畫作品。  劇情大綱 淫女妄想具現再進化！ 大人氣成人漫畫家utu最新單行本《入口即化PEACE！》  繼《櫻桃半熟時》窺視女性私底下好色荒淫的樣子 《入口即化PEACE！》更增添各式各樣的情色成分！ 懲罰告白、催眠遊戲、老少戀、員工旅遊偷情、 情色片拍攝、性愛俱樂部、圖書館姦情、蛇神採精…等 看似風騷豪放的肉食女，卻有著純情的一面 看起來端莊賢淑的女子，實際上卻是好色的慾女 十位讓人充滿性幻想的女性散發的反轉魅力  d/art特別推出兩本utu無修正繁中版作品集！ 《櫻桃半熟時》與《入口即化PEACE！》將同步上市！,"","",320,"176/4",https://exhentai.org/g/2226411/aa22124af6/,Kira☆Moe,BW,"male:cheating,male:glasses,male:schoolboy uniform,male:teacher,female:big breasts,female:cheating,female:cheerleader,female:double penetration,female:footjob,female:glasses,female:kimono,female:milf,female:pantyhose,female:schoolgirl uniform,female:sweating,female:teacher,other:tankoubon",Upscale by ESRGAN
DAV-039,NO,春の疼き,Haru no Uzuki - Spring Aches,春情躁動,ワニマガジン社,翁賀馬乃助,Okinaga Umanosuke,"2021-08-12","2022-07-18",https://www.wani.com/product/4862697968/,https://future-digi.com/index.php?route=product/product&path=70&product_id=598,"五色印刷雙書衣，內書衣保留日文原版大尺度圖像。
收錄翁賀馬乃助從2020年至2021年的成人漫畫作品。

劇情大綱
思想與肉體譜出的淫蕩樂章！
直衝腦門的快感，讓人盡顯高潮的痴樣！

《COMIC快樂天》成人漫畫家翁賀馬乃助
繼1st作品集《黏膜》創造口舌水沫的濕鹹情熱
推出貼近生活的2nd作品集《春情躁動》

收錄6位女子×8篇故事+所有角色加筆後日談

輕解衣衫微露肌膚、錄下淫亂交合的影片
僅穿輕薄上衣與內褲應門領取包裹
倔強嘴硬卻被肉棒徹底腔墮征服
在公共廁所騎乘性交、自暴自棄的獻身……
舔穴、愛撫、不由自主顯露的高潮顏
在平凡無奇的日子裡，捕抓令人遐想的異色光景

翁賀馬乃助《春情躁動》無修正繁中版，d/art大好評發售中！

目錄：
孤零零一個人X2
@家庭自拍影片
鬆弛慵懶停滯期
鬆弛鬆弛!?保險套
前女友失格
與前女友、從那之後
我們純潔淫蕩的事情
繫船線
後記","","",350,"176/2",https://exhentai.org/g/2285463/bb114dbf50/,Kira☆Moe,BW,"female:dark skin,female:defloration,female:glasses,female:gyaru,female:lingerie,female:pantyhose,female:spanking,other:tankoubon,",Upscale by ESRGAN
DAV-040,NO,ななまん,Nanaman,七妹姐姐,ワニマガジン社,亜美寿真,Tsugumi Suzuma,"2021-11-30","2022-07-18",https://www.wani.com/product/4862698093/,https://future-digi.com/index.php?route=product/product&path=70&product_id=599,"五色印刷雙書衣，內書衣保留日文原版大尺度圖像。
收錄亞美壽真從2019年至2021年的成人漫畫作品。

劇情大綱
女性漫畫家亞美壽真在推特上揭露回到老家的經驗
發現自己的成人作品集被供奉在爺爺神壇上引起話題
網友們爭相討論〝讓爺爺快樂升天〞的《七妹姐姐》來了!!!

以身為女性的角度描繪貼近真實女性的日常性愛體驗

女孩子不會天天都很可愛！
在笑臉迎人的背後，有時會愛開黃腔、
有時懷抱著不良心機，也有過度矜持不安
任性嬌蠻耍脾氣，甚至懵懂無知而茫然
但也會對性充滿好奇，稍微變態的渴望

在《COMIC快樂天》刊載並推出的初作品集
收錄8篇幸福絕頂的故事
充滿女性享受交合快感時的痴淫模樣！

目錄：
七妹姐姐
渚老師
醉翁之意不在酒
指尖琴音！
防波堤
性愛學習
好色的琴巴
毅然決然
後記","","",350,"176/2",https://exhentai.org/g/2284783/8a985bdfb9/,moesnow,BW,"male:dilf,male:glasses,female:drunk,female:schoolgirl uniform,female:tutor,female:twintails,other:tankoubon,",""
